ville,code_commune,departement,region,sport,club,fin_saison,division,classement,score_classement,capacite,taux_remplissage,score_event,nb_crea_entreprise,taux_chomage,salaire_median,class,coeff_division,score_sportif,salaire_median_norm,taux_chomage_norm,nb_crea_entreprise_norm,score_economique
Ajaccio,2A004,Corse-du-Sud,Corse,football,AC Ajaccio,2021,2,13,33,10446,0.21,0.0,968,0.063,23320.0,0.4,0.5,0.42300000000000004,0.57333993624726853,1.0,0.010466829386283176,0.734569389192049
Ajaccio,2A004,Corse-du-Sud,Corse,football,AC Ajaccio,2020,2,3,23,10446,0.29,0.0,904,0.0691,22370.0,0.9,0.5,0.647,0.51010638545708209,0.95570079883805381,0.00976317699056666,0.68677454209714306
Ajaccio,2A004,Corse-du-Sud,Corse,football,AC Ajaccio,2019,2,17,37,10446,0.25,0.0,882,0.0724,21900.0,0.2,0.5,0.35500000000000004,0.47882241822404248,0.93173565722585328,0.0095212964795391083,0.66215744414231315
Ajaccio,2A004,Corse-du-Sud,Corse,football,G. Ajaccio,2019,2,18,38,4050,0.65,0.0,882,0.0724,21900.0,0.15,0.5,0.455,0.47882241822404248,0.93173565722585328,0.0095212964795391083,0.66215744414231315
Ajaccio,2A004,Corse-du-Sud,Corse,football,AC Ajaccio,2018,2,3,23,10446,0.33,0.0,756,0.0724,21480.0,0.9,0.5,0.659,0.450866532611539,0.93173565722585328,0.0081359808254722159,0.65028243207027836
Ajaccio,2A004,Corse-du-Sud,Corse,football,G. Ajaccio,2018,2,16,36,4050,0.74,0.0,756,0.0724,21480.0,0.25,0.5,0.522,0.450866532611539,0.93173565722585328,0.0081359808254722159,0.65028243207027836
Ajaccio,2A004,Corse-du-Sud,Corse,football,AC Ajaccio,2017,2,11,31,10446,0.26,0.0,741,0.0743,20940.0,0.5,0.5,0.47800000000000004,0.41492325110974881,0.91793754538852579,0.0079710622952261587,0.62892360428577554
Ajaccio,2A004,Corse-du-Sud,Corse,football,G. Ajaccio,2017,2,9,29,4050,0.76,0.0,741,0.0743,20940.0,0.6,0.5,0.66799999999999993,0.41492325110974881,0.91793754538852579,0.0079710622952261587,0.62892360428577554
Ajaccio,2A004,Corse-du-Sud,Corse,football,G. Ajaccio,2016,1,19,19,4050,0.92,0.0,667,0.079,20411.5,0.1,1.0,0.71600000000000008,0.37974542838068193,0.88380537400145243,0.0071574642126789366,0.59737959045933853
Ajaccio,2A004,Corse-du-Sud,Corse,football,AC Ajaccio,2016,2,17,37,10446,0.32,0.0,667,0.079,20411.5,0.2,0.5,0.376,0.37974542838068193,0.88380537400145243,0.0071574642126789366,0.59737959045933853
Ajaccio,2A004,Corse-du-Sud,Corse,football,AC Ajaccio,2015,2,17,37,10446,0.4,0.0,663,0.0792,20235.38,0.2,0.5,0.4,0.36802259368050555,0.88235294117647056,0.0071134859379466545,0.59194225102941089
Ajaccio,2A004,Corse-du-Sud,Corse,football,G. Ajaccio,2015,2,2,22,4050,0.56,0.0,663,0.0792,20235.38,0.95,0.5,0.748,0.36802259368050555,0.88235294117647056,0.0071134859379466545,0.59194225102941089
Ajaccio,2A004,Corse-du-Sud,Corse,football,AC Ajaccio,2014,1,20,20,10446,0.6,0.0,674,0.0818,19802.0,0.05,1.0,0.60000000000000009,0.33917611342634657,0.86347131445170655,0.00723442619346043,0.57102331569312215
Ajaccio,2A004,Corse-du-Sud,Corse,football,AC Ajaccio,2013,1,17,17,10446,0.65,0.0,693,0.0853,19501.43,0.2,1.0,0.675,0.31916968357265568,0.83805374001452426,0.0074433229984387714,0.55041640493554378
Ajaccio,2A004,Corse-du-Sud,Corse,football,G. Ajaccio,2013,2,20,40,4050,0.47,0.0,693,0.0853,19501.43,0.05,0.5,0.361,0.31916968357265568,0.83805374001452426,0.0074433229984387714,0.55041640493554378
Ajaccio,2A004,Corse-du-Sud,Corse,football,AC Ajaccio,2012,1,16,16,10446,0.61,0.0,693,0.0834,19013.5,0.25,1.0,0.683,0.28669226627049182,0.85185185185185186,0.0074433229984387714,0.544324493933342
Ajaccio,2A004,Corse-du-Sud,Corse,football,AC Ajaccio,2022,2,2,22,10446,0.33,0.0,1080,,,0.95,0.5,0.679,,,0.011698221078787079,
Ajaccio,2A004,Corse-du-Sud,Corse,football,AC Ajaccio,2023,1,18,18,10446,0.72,0.0,1060,,,0.15,1.0,0.676,,,0.011478329705125669,
Bastia,2B033,Haute-Corse,Corse,football,SC Bastia,2017,1,20,20,16480,0.64,0.0,470,0.0892,18460.0,0.05,1.0,0.6120000000000001,0.24985040273115691,0.80973129992737836,0.0049915341821140354,0.507301578147209
Bastia,2B033,Haute-Corse,Corse,football,SC Bastia,2016,1,10,10,16480,0.7,0.0,416,0.1004,18020.0,0.55,1.0,0.83000000000000007,0.220563284470439,0.728395061728395,0.0043978274732282257,0.45462175838898722
Bastia,2B033,Haute-Corse,Corse,football,SC Bastia,2015,1,12,12,16480,0.78,0.0,406,0.1032,17830.5,0.45,1.0,0.81400000000000006,0.20794985512860706,0.7080610021786492,0.0042878817863975195,0.43935438403396615
Bastia,2B033,Haute-Corse,Corse,football,SC Bastia,2014,1,10,10,16480,0.83,0.0,454,0.1042,17306.21,0.55,1.0,0.869,0.17305225687198927,0.70079883805374,0.0048156210831849068,0.42202813231725816
Bastia,2B033,Haute-Corse,Corse,football,CA Bastia,2014,2,20,40,16480,0.09,0.0,454,0.1042,17306.21,0.05,0.5,0.247,0.17305225687198927,0.70079883805374,0.0048156210831849068,0.42202813231725816
Bastia,2B033,Haute-Corse,Corse,football,SC Bastia,2013,1,12,12,16480,0.72,0.0,434,0.1011,17127.5,0.45,1.0,0.796,0.16115702754386912,0.72331154684095855,0.0045957297095234953,0.42841644929278866
Bastia,2B033,Haute-Corse,Corse,football,SC Bastia,2012,2,1,21,16480,0.6,0.0,465,0.0932,16740.0,1.0,0.5,0.78,0.13536439498471411,0.78068264342774141,0.0049365613386986827,0.4469553603771057
Bastia,2B033,Haute-Corse,Corse,football,SC Bastia,2022,2,12,32,16480,0.45,0.0,562,,,0.45,0.5,0.51500000000000012,,,0.0060030345009565271,
Bastia,2B033,Haute-Corse,Corse,football,SC Bastia,2023,2,4,24,16480,0.61,0.0,573,,,0.85,0.5,0.72300000000000009,,,0.0061239747564703038,
Strasbourg,67482,Bas-Rhin,Alsace,football,R. Strasbourg,2021,1,15,15,26109,0.18,0.0,5853,0.1113,20260.0,0.3,1.0,0.57400000000000007,0.36966134107045751,0.64923747276688459,0.064175297403082879,0.50457092151316674
Strasbourg,67482,Bas-Rhin,Alsace,football,R. Strasbourg,2020,1,10,10,26109,0.95,0.0,4689,0.1152,19680.0,0.55,1.0,0.905,0.33105559427223841,0.62091503267973858,0.051377619455988739,0.46856856377675904
Strasbourg,67482,Bas-Rhin,Alsace,football,R. Strasbourg,2019,1,11,11,26109,0.97,0.0,4465,0.1205,19220.0,0.5,1.0,0.891,0.300437243363306,0.58242556281771973,0.048914836070980933,0.4358450967896727
Strasbourg,67482,Bas-Rhin,Alsace,football,R. Strasbourg,2018,1,15,15,26109,0.92,0.0,3980,0.1202,18790.0,0.3,1.0,0.796,0.27181574142669535,0.58460421205519242,0.043582470259691711,0.4228196377281202
Strasbourg,67482,Bas-Rhin,Alsace,football,R. Strasbourg,2017,2,1,21,26109,0.65,0.0,3433,0.1258,18580.0,1.0,0.5,0.79499999999999993,0.25783779862044359,0.54393609295570078,0.037568441190052114,0.39388738652105387
Strasbourg,67482,Bas-Rhin,Alsace,football,R. Strasbourg,2022,1,6,6,26109,0.9,0.0,5551,,,0.75,1.0,0.97000000000000008,,,0.060854937660795569,
Strasbourg,67482,Bas-Rhin,Alsace,football,R. Strasbourg,2023,1,15,15,26109,0.97,0.0,4765,,,0.3,1.0,0.81099999999999994,,,0.0522132066759021,
Châteauroux,36044,Indre,Centre,football,LB Châteauroux,2021,2,20,40,17072,0.18,0.0,514,0.117,20300.0,0.05,0.5,0.274,0.37232380636688639,0.60784313725490191,0.0054752952041691406,0.45558873877629008
Châteauroux,36044,Indre,Centre,football,LB Châteauroux,2020,2,15,35,17072,0.23,0.0,444,0.1254,19910.0,0.3,0.5,0.389,0.3463647697267046,0.5468409586056644,0.0047056753963542006,0.41431922489169121
Châteauroux,36044,Indre,Centre,football,LB Châteauroux,2019,2,11,31,17072,0.26,0.0,377,0.1299,19520.0,0.5,0.5,0.47800000000000004,0.32040573308652281,0.514161220043573,0.0039690392945884731,0.38722742290368989
Châteauroux,36044,Indre,Centre,football,LB Châteauroux,2018,2,9,29,17072,0.26,0.0,290,0.1295,19320.0,0.6,0.5,0.518,0.30709340660437828,0.51706608569353663,0.0030125118191613341,0.38287666139810028
Châteauroux,36044,Indre,Centre,football,LB Châteauroux,2015,2,19,39,17072,0.29,0.0,269,0.1329,18609.48,0.1,0.5,0.327,0.25980003554391168,0.49237472766884538,0.0027816258768168524,0.35149819099039581
Châteauroux,36044,Indre,Centre,football,LB Châteauroux,2014,2,18,38,17072,0.33,0.0,270,0.1331,18415.0,0.15,0.5,0.359,0.24685512927267439,0.49092229484386352,0.002792620445499923,0.34559950935375144
Châteauroux,36044,Indre,Centre,football,LB Châteauroux,2013,2,16,36,17072,0.33,0.0,227,0.1296,18225.33,0.25,0.5,0.399,0.23423038445333277,0.51633986928104569,0.0023198539921278887,0.35302201541791989
Châteauroux,36044,Indre,Centre,football,LB Châteauroux,2012,2,14,34,17072,0.36,0.0,297,0.1274,17752.78,0.35,0.5,0.448,0.20277668505764562,0.532316630355846,0.0030894737999428283,0.34881372610095268
Tours,37261,Indre-et-Loire,Centre,football,Tours FC,2018,2,20,40,12699,0.27,0.0,1815,0.1248,19910.0,0.05,0.5,0.30100000000000005,0.3463647697267046,0.55119825708061,0.019779229060843943,0.42403465096140885
Tours,37261,Indre-et-Loire,Centre,football,Tours FC,2017,2,16,36,12699,0.36,0.0,1386,0.1291,19360.0,0.25,0.5,0.40800000000000003,0.30975587190080722,0.51997095134350046,0.015062559095806671,0.39141910397997648
Tours,37261,Indre-et-Loire,Centre,football,Tours FC,2015,2,15,35,12699,0.4,0.0,1186,0.1288,19132.61,0.3,0.5,0.44,0.294620422306933,0.52214960058097315,0.012863645359192559,0.3853547918928561
Tours,37261,Indre-et-Loire,Centre,football,Tours FC,2016,2,9,29,12699,0.39,0.0,1170,0.128,19116.0,0.6,0.5,0.55699999999999994,0.2935148335925909,0.52795933188090038,0.012687732260263429,0.38772946550761828
Tours,37261,Indre-et-Loire,Centre,football,Tours FC,2014,2,8,28,12699,0.49,0.0,1208,0.1244,19025.24,0.65,0.5,0.607,0.28747369983499382,0.55410312273057372,0.013105525870220111,0.39859380423439444
Tours,37261,Indre-et-Loire,Centre,football,Tours FC,2013,2,10,30,12699,0.34,0.0,1076,0.1188,18883.85,0.55,0.5,0.522,0.27806255062844154,0.59477124183006524,0.011654242804054797,0.41443776256843662
Tours,37261,Indre-et-Loire,Centre,football,Tours FC,2012,2,6,26,12699,0.42,0.0,1121,0.1127,18558.0,0.75,0.5,0.62600000000000011,0.25637344270740769,0.63907044299201166,0.012148998394792972,0.4281590977763654
Orléans,45234,Loiret,Centre,football,US Orléans,2020,2,20,40,7533,0.5,0.0,1661,0.115,20820.0,0.05,0.5,0.37,0.40693585522046211,0.62236746550472033,0.018086065483651076,0.48300110758237058
Orléans,45234,Loiret,Centre,football,US Orléans,2019,2,8,28,7533,0.55,0.0,1514,0.1184,20420.0,0.65,0.5,0.625,0.3803112022561731,0.597676107480029,0.016469863887239703,0.45919746658610355
Orléans,45234,Loiret,Centre,football,US Orléans,2018,2,12,32,7533,0.53,0.0,1369,0.1188,20180.0,0.45,0.5,0.539,0.36433641047759968,0.59477124183006524,0.014875651428194471,0.45055801082016977
Orléans,45234,Loiret,Centre,football,US Orléans,2017,2,18,38,7533,0.57,0.0,1050,0.1214,19480.0,0.15,0.5,0.431,0.31774326779009388,0.57588961510530146,0.011368384018294962,0.42072630667783578
Orléans,45234,Loiret,Centre,football,US Orléans,2015,2,18,38,7533,0.53,0.0,881,0.1246,19158.0,0.15,0.5,0.41900000000000004,0.29631042215384124,0.55265068990559185,0.0095103019108560369,0.39960466476976042
Clermont-Ferrand,63113,Puy-de-Dôme,Auvergne,football,Clermont Foot,2021,2,2,22,13000,0.19,0.0,2550,0.1084,20430.0,0.95,0.5,0.637,0.38097681858028032,0.67029774872912129,0.027860237042900807,0.5014697203181232
Clermont-Ferrand,63113,Puy-de-Dôme,Auvergne,football,Clermont Foot,2020,2,5,25,13000,0.26,0.0,2116,0.1128,20050.0,0.8,0.5,0.59800000000000009,0.35568339826420575,0.63834422657952072,0.023088594234448184,0.47298976971266676
Clermont-Ferrand,63113,Puy-de-Dôme,Auvergne,football,Clermont Foot,2019,2,10,30,13000,0.22,0.0,1878,0.1199,19720.0,0.55,0.5,0.48600000000000004,0.33371805956866729,0.5867828612926651,0.020471886887877388,0.43711459791773816
Clermont-Ferrand,63113,Puy-de-Dôme,Auvergne,football,Clermont Foot,2018,2,6,26,13000,0.26,0.0,1670,0.1196,19460.0,0.75,0.5,0.57800000000000007,0.31641203514187943,0.588961510530138,0.01818501660179871,0.43013807762272016
Clermont-Ferrand,63113,Puy-de-Dôme,Auvergne,football,Clermont Foot,2017,2,12,32,13000,0.25,0.0,1353,0.1215,19200.0,0.45,0.5,0.455,0.29910601071509157,0.57516339869281041,0.014699738329265343,0.41457397279707447
Clermont-Ferrand,63113,Puy-de-Dôme,Auvergne,football,Clermont Foot,2016,2,7,27,13000,0.29,0.0,1112,0.1205,18923.33,0.7,0.5,0.567,0.28069040387601712,0.58242556281771973,0.012050047276645336,0.40951396659758943
Clermont-Ferrand,63113,Puy-de-Dôme,Auvergne,football,Clermont Foot,2015,2,12,32,13000,0.24,0.0,1083,0.1199,18894.0,0.45,0.5,0.452,0.27873815119741047,0.5867828612926651,0.011731204784836292,0.41075229351771486
Clermont-Ferrand,63113,Puy-de-Dôme,Auvergne,football,Clermont Foot,2014,2,14,34,13000,0.29,0.0,1144,0.1172,18743.33,0.35,0.5,0.427,0.26870931004208704,0.60639070442992016,0.012401873474503595,0.4168800129690467
Clermont-Ferrand,63113,Puy-de-Dôme,Auvergne,football,Clermont Foot,2013,2,14,34,13000,0.31,0.0,1168,0.1131,18613.5,0.35,0.5,0.433,0.26006761330620282,0.63616557734204782,0.012665743122897288,0.42844270555495367
Clermont-Ferrand,63113,Puy-de-Dôme,Auvergne,football,Clermont Foot,2012,2,5,25,13000,0.42,0.0,1051,0.1106,18317.0,0.8,0.5,0.64600000000000013,0.24033208929642358,0.654320987654321,0.011379378586978033,0.42898301883921897
Clermont-Ferrand,63113,Puy-de-Dôme,Auvergne,football,Clermont Foot,2022,1,17,17,13000,0.81,0.0,2416,,,0.2,1.0,0.72300000000000009,,,0.026386964839369351,
Clermont-Ferrand,63113,Puy-de-Dôme,Auvergne,football,Clermont Foot,2023,1,8,8,13000,0.87,0.0,2299,,,0.65,1.0,0.921,,,0.025100600303450096,
Guingamp,22070,Côtes d'Armor,Bretagne,football,EA Guingamp,2021,2,9,29,18462,0.25,0.0,62,0.1368,18300.0,0.6,0.5,0.515,0.23920054154544129,0.46405228758169925,0.00050575015942124586,0.32795923548873673
Guingamp,22070,Côtes d'Armor,Bretagne,football,EA Guingamp,2020,2,8,28,18462,0.49,0.0,45,0.1368,17630.0,0.65,0.5,0.607,0.1946042478302572,0.46405228758169925,0.00031884249180904635,0.310027264168857
Guingamp,22070,Côtes d'Armor,Bretagne,football,EA Guingamp,2019,1,20,20,18462,0.8,0.0,55,0.1367,17460.0,0.05,1.0,0.66,0.18328877032043436,0.4647785039941903,0.00042878817863975196,0.30591915421458882
Guingamp,22070,Côtes d'Armor,Bretagne,football,EA Guingamp,2018,1,12,12,18462,0.79,0.0,42,0.1368,17360.0,0.45,1.0,0.81700000000000006,0.1766326070793621,0.46405228758169925,0.00028585878575983464,0.30282211601547437
Guingamp,22070,Côtes d'Armor,Bretagne,football,EA Guingamp,2017,1,10,10,18462,0.8,0.0,44,0.1557,16850.0,0.55,1.0,0.8600000000000001,0.1426861745498936,0.326797385620915,0.00030784792312597576,0.22062708659197794
Guingamp,22070,Côtes d'Armor,Bretagne,football,EA Guingamp,2013,2,2,22,18462,0.52,0.0,37,0.1549,16709.0,0.95,0.5,0.736,0.13330098437998172,0.33260711692084233,0.00023088594234448183,0.21973939518358609
Guingamp,22070,Côtes d'Armor,Bretagne,football,EA Guingamp,2015,1,10,10,18462,0.81,0.0,42,0.1561,16706.0,0.55,1.0,0.863,0.13310129948274957,0.32389251997095136,0.00028585878575983464,0.21532970917145541
Guingamp,22070,Côtes d'Armor,Bretagne,football,EA Guingamp,2014,1,16,16,18462,0.81,0.0,37,0.1556,16531.67,0.25,1.0,0.743,0.12149761010458818,0.327523602033406,0.00023088594234448183,0.21247628802971052
Guingamp,22070,Côtes d'Armor,Bretagne,football,EA Guingamp,2016,1,16,16,18462,0.79,0.0,38,0.156,16489.0,0.25,1.0,0.737,0.11865742524962276,0.32461873638344219,0.0002418805110275524,0.20989327854708398
Guingamp,22070,Côtes d'Armor,Bretagne,football,EA Guingamp,2012,2,7,27,18462,0.51,0.0,38,0.1091,16404.0,0.7,0.5,0.633,0.11299968649471134,0.66521423384168477,0.0002418805110275524,0.37792793177424072
Guingamp,22070,Côtes d'Armor,Bretagne,football,EA Guingamp,2022,2,6,26,18462,0.43,0.0,91,,,0.75,0.5,0.629,,,0.00082459265123029221,
Guingamp,22070,Côtes d'Armor,Bretagne,football,EA Guingamp,2023,2,6,26,18462,0.48,0.0,95,,,0.75,0.5,0.64400000000000013,,,0.00086857092596257445,
Brest,29019,Finistère,Bretagne,football,Stade Brestois,2021,1,17,17,15220,0.31,0.0,1830,0.0978,21420.0,0.2,1.0,0.57300000000000006,0.44687283466689565,0.747276688453159,0.019944147591090002,0.56235955188888276
Brest,29019,Finistère,Bretagne,football,Stade Brestois,2020,1,14,14,15220,0.9,0.0,1388,0.1064,20840.0,0.35,1.0,0.81,0.40826708786867655,0.68482207697893971,0.015084548233172812,0.51326014775352691
Brest,29019,Finistère,Bretagne,football,Stade Brestois,2019,2,2,22,15220,0.6,0.0,1343,0.1131,20520.0,0.95,0.5,0.76,0.38696736549724536,0.63616557734204782,0.014589792642434637,0.48016463119113939
Brest,29019,Finistère,Bretagne,football,Stade Brestois,2018,2,5,25,15220,0.49,0.0,1200,0.1131,20240.0,0.8,0.5,0.667,0.36833010842224306,0.63616557734204782,0.013017569320755547,0.471923616700299
Brest,29019,Finistère,Bretagne,football,Stade Brestois,2017,2,5,25,15220,0.53,0.0,934,0.1182,19640.0,0.8,0.5,0.679,0.32839312897580952,0.59912854030501084,0.010093014051058776,0.43596802876835866
Brest,29019,Finistère,Bretagne,football,Stade Brestois,2016,2,10,30,15220,0.45,0.0,842,0.1221,19317.41,0.55,0.5,0.555,0.30692101197643451,0.57080610021786482,0.0090815137322162853,0.4127122117656144
Brest,29019,Finistère,Bretagne,football,Stade Brestois,2014,2,7,27,15220,0.5,0.0,891,0.1185,19224.4,0.7,0.5,0.62999999999999989,0.30073011454591331,0.59694989106753815,0.0096202475976867423,0.42357711515097779
Brest,29019,Finistère,Bretagne,football,Stade Brestois,2015,2,6,26,15220,0.5,0.0,870,0.1198,19210.0,0.75,0.5,0.65000000000000013,0.2997716270391988,0.58750907770515615,0.00938936165534226,0.41835787049592871
Brest,29019,Finistère,Bretagne,football,Stade Brestois,2013,1,20,20,15220,0.78,0.0,851,0.1156,19050.7,0.05,1.0,0.654,0.28916835899617077,0.61801016702977485,0.0091804648503639209,0.42926265953853771
Brest,29019,Finistère,Bretagne,football,Stade Brestois,2012,1,15,15,15220,0.89,0.0,830,0.1114,18546.75,0.3,1.0,0.787,0.2556246243427871,0.64851125635439355,0.0089495789080194389,0.43098026736832129
Brest,29019,Finistère,Bretagne,football,Stade Brestois,2022,1,11,11,15220,0.77,0.0,1674,,,0.5,1.0,0.831,,,0.018228994876530992,
Brest,29019,Finistère,Bretagne,football,Stade Brestois,2023,1,14,14,15220,0.83,0.0,1653,,,0.35,1.0,0.78899999999999992,,,0.017998108934186512,
Rennes,35238,Îlle-et-Vilaine,Bretagne,football,Stade Rennais,2021,1,6,6,29778,0.12,0.38,4362,0.0966,22770.0,0.75,1.0,0.774,0.536731038421371,0.75599128540305,0.04778239549662467,0.61657925581838591
Rennes,35238,Îlle-et-Vilaine,Bretagne,football,Stade Rennais,2020,1,3,3,29778,0.87,0.38,3636,0.1007,22000.0,0.9,1.0,1.059,0.48547858146511474,0.72621641249092228,0.03980033863271544,0.57719980814786476
Rennes,35238,Îlle-et-Vilaine,Bretagne,football,Stade Rennais,2019,1,10,10,29778,0.8,0.0,3434,0.107,21760.0,0.55,1.0,0.8600000000000001,0.46950378968654133,0.68046477850399412,0.037579435758735187,0.5468236230059812
Rennes,35238,Îlle-et-Vilaine,Bretagne,football,Stade Rennais,2018,1,5,5,29778,0.78,0.0,3035,0.1071,21440.0,0.8,1.0,0.95400000000000007,0.44820406731511009,0.6797385620915033,0.033192602854190033,0.53574720939889076
Rennes,35238,Îlle-et-Vilaine,Bretagne,football,Stade Rennais,2017,1,9,9,29778,0.76,0.0,2494,0.1097,20690.0,0.6,1.0,0.868,0.39828284300706818,0.66085693536673928,0.027244541196648854,0.50336387548452133
Rennes,35238,Îlle-et-Vilaine,Bretagne,football,Stade Rennais,2016,1,8,8,29778,0.78,0.0,2126,0.111,20488.1,0.65,1.0,0.894,0.38484404942334322,0.65141612200435728,0.023198539921278887,0.49124495073215535
Rennes,35238,Îlle-et-Vilaine,Bretagne,football,Stade Rennais,2015,1,9,9,29778,0.68,0.0,1882,0.1101,20299.33,0.6,1.0,0.84400000000000008,0.37227921007317133,0.65795206971677556,0.02051586516260967,0.48814565146896116
Rennes,35238,Îlle-et-Vilaine,Bretagne,football,Stade Rennais,2014,1,12,12,29778,0.64,0.0,1899,0.1063,20197.6,0.45,1.0,0.772,0.36550789520802829,0.68554829339143053,0.020702772830221872,0.49932869119403755
Rennes,35238,Îlle-et-Vilaine,Bretagne,football,Stade Rennais,2013,1,13,13,29778,0.61,0.0,1863,0.1025,20110.56,0.4,1.0,0.7430000000000001,0.35971437072299922,0.71314451706608573,0.020306968357631329,0.51061149100105829
Rennes,35238,Îlle-et-Vilaine,Bretagne,football,Stade Rennais,2012,1,6,6,29778,0.69,0.0,1786,0.0992,19845.1,0.75,1.0,0.907,0.34204491978324858,0.73710965867828615,0.019460386569034895,0.51510299053696
Rennes,35238,Îlle-et-Vilaine,Bretagne,football,Stade Rennais,2022,1,4,4,29778,0.86,0.13,4336,,,0.85,1.0,1.0110000000000001,,,0.047496536710864831,
Rennes,35238,Îlle-et-Vilaine,Bretagne,football,Stade Rennais,2023,1,4,4,29778,0.93,0.25,4086,,,0.85,1.0,1.044,,,0.044747894540097193,
Lorient,56121,Morbihan,Bretagne,football,FC Lorient,2021,1,16,16,16787,0.29,0.0,914,0.1123,20860.0,0.25,1.0,0.587,0.409598320516891,0.64197530864197527,0.0098731226773973654,0.48976354386644272
Lorient,56121,Morbihan,Bretagne,football,FC Lorient,2020,2,1,21,16787,0.48,0.0,742,0.1189,20010.0,1.0,0.5,0.744,0.35302093296777687,0.59404502541757442,0.0079820568639092284,0.44222191432785257
Lorient,56121,Morbihan,Bretagne,football,FC Lorient,2019,2,6,26,16787,0.45,0.0,669,0.1304,19700.0,0.75,0.5,0.635,0.33238682692045285,0.51053013798111846,0.0071794533500450777,0.39180952643376293
Lorient,56121,Morbihan,Bretagne,football,FC Lorient,2018,2,7,27,16787,0.51,0.0,579,0.1305,19430.0,0.7,0.5,0.633,0.31441518616955777,0.50980392156862742,0.006189942168568727,0.38376300633642119
Lorient,56121,Morbihan,Bretagne,football,FC Lorient,2017,1,18,18,16787,0.7,0.0,548,0.1376,18850.0,0.15,1.0,0.67,0.27580943937133867,0.45824255628177191,0.00584911053939354,0.34236960915911818
Lorient,56121,Morbihan,Bretagne,football,FC Lorient,2016,1,15,15,16787,0.71,0.0,493,0.1308,18697.2,0.3,1.0,0.733,0.26563882193898036,0.50762527233115473,0.0052444092618246585,0.36269036957208184
Lorient,56121,Morbihan,Bretagne,football,FC Lorient,2015,1,16,16,16787,0.82,0.0,470,0.1324,18624.0,0.25,1.0,0.746,0.26076651044651539,0.49600580973129993,0.0049915341821140354,0.35480527613531315
Lorient,56121,Morbihan,Bretagne,football,FC Lorient,2014,1,8,8,16787,0.9,0.0,464,0.1283,18475.0,0.65,1.0,0.93,0.25084882721731772,0.5257806826434277,0.0049255667700156122,0.36569265559364877
Lorient,56121,Morbihan,Bretagne,football,FC Lorient,2013,1,8,8,16787,0.9,0.0,443,0.122,18273.21,0.65,1.0,0.93,0.23741735541315798,0.57153231663035586,0.00469468082767113,0.38308044089427667
Lorient,56121,Morbihan,Bretagne,football,FC Lorient,2012,1,17,17,16787,0.93,0.0,465,0.1167,17915.0,0.2,1.0,0.75900000000000012,0.21357431306731312,0.61002178649237471,0.0049365613386986827,0.39290889914246196
Lorient,56121,Morbihan,Bretagne,football,FC Lorient,2022,1,16,16,16787,0.76,0.0,876,,,0.25,1.0,0.728,,,0.0094553290674406851,
Lorient,56121,Morbihan,Bretagne,football,FC Lorient,2023,1,10,10,16787,0.89,0.0,857,,,0.55,1.0,0.887,,,0.0092464322624623441,
Nancy,54395,Meurthe-et-Moselle,Lorraine,football,AS Nancy,2021,2,8,28,20087,0.23,0.0,1992,0.1009,22360.0,0.65,0.5,0.529,0.50944076913297487,0.72476397966594042,0.021725267717747434,0.577020931345034
Nancy,54395,Meurthe-et-Moselle,Lorraine,football,AS Nancy,2020,2,12,32,20087,0.51,0.0,1701,0.106,21800.0,0.45,0.5,0.533,0.47216625498297021,0.68772694262890344,0.018525848230973897,0.54199289742312673
Nancy,54395,Meurthe-et-Moselle,Lorraine,football,AS Nancy,2019,2,14,34,20087,0.55,0.0,1627,0.1132,21300.0,0.35,0.5,0.505,0.43888543877760894,0.635439360929557,0.017712250148426676,0.50212998105003537
Nancy,54395,Meurthe-et-Moselle,Lorraine,football,AS Nancy,2018,2,17,37,20087,0.58,0.0,1469,0.1133,21000.0,0.2,0.5,0.454,0.4189169490543922,0.63471314451706606,0.01597510829650153,0.49291090602854065
Nancy,54395,Meurthe-et-Moselle,Lorraine,football,AS Nancy,2017,1,19,19,20087,0.87,0.0,1037,0.1151,20650.0,0.1,1.0,0.70100000000000007,0.39562037771063929,0.62164124909222951,0.011225454625415045,0.474681502943078
Nancy,54395,Meurthe-et-Moselle,Lorraine,football,AS Nancy,2016,2,1,21,20087,0.75,0.0,995,0.1161,20478.1,1.0,0.5,0.825,0.384178433099236,0.6143790849673203,0.010763682740726081,0.46624275709371754
Nancy,54395,Meurthe-et-Moselle,Lorraine,football,AS Nancy,2015,2,5,25,20087,0.74,0.0,936,0.1161,20198.0,0.8,0.5,0.742,0.36553451986099267,0.6143790849673203,0.010115003188424919,0.45846085202226972
Nancy,54395,Meurthe-et-Moselle,Lorraine,football,AS Nancy,2014,2,4,24,20087,0.73,0.0,947,0.1126,19996.15,0.85,0.5,0.75900000000000012,0.35209905435888844,0.63979665940450248,0.010235943443938694,0.465855923167776
Nancy,54395,Meurthe-et-Moselle,Lorraine,football,AS Nancy,2013,1,18,18,20087,0.78,0.0,851,0.1106,19775.24,0.15,1.0,0.694,0.33739492414303573,0.654320987654321,0.0091804648503639209,0.46670869590955677
Nancy,54395,Meurthe-et-Moselle,Lorraine,football,AS Nancy,2012,1,11,11,20087,0.76,0.0,886,0.1059,19623.67,0.5,1.0,0.82800000000000007,0.3273061775185423,0.68845315904139437,0.00956527475427139,0.47993168790524976
Nancy,54395,Meurthe-et-Moselle,Lorraine,football,AS Nancy,2022,2,20,40,20087,0.26,0.0,1815,,,0.05,0.5,0.29800000000000004,,,0.019779229060843943,
Metz,57463,Moselle,Lorraine,football,FC Metz,2021,1,10,10,28786,0.17,0.0,2076,0.1055,20940.0,0.55,1.0,0.671,0.41492325110974881,0.691358024691358,0.022648811487125359,0.5229727185331412
Metz,57463,Moselle,Lorraine,football,FC Metz,2020,1,15,15,28786,0.58,0.0,1625,0.1109,20410.0,0.3,1.0,0.694,0.37964558593206588,0.65214233841684821,0.017690261011060537,0.48677453408678073
Metz,57463,Moselle,Lorraine,football,FC Metz,2019,2,1,21,28786,0.41,0.0,1484,0.1188,20010.0,1.0,0.5,0.72300000000000009,0.35302093296777687,0.59477124183006524,0.016140026826747585,0.44666400751551716
Metz,57463,Moselle,Lorraine,football,FC Metz,2018,1,20,20,28786,0.52,0.0,1292,0.1196,19750.0,0.05,1.0,0.57600000000000007,0.335714908540989,0.588961510530138,0.014029069639598039,0.43578125350126368
Metz,57463,Moselle,Lorraine,football,FC Metz,2017,1,14,14,28786,0.56,0.0,1173,0.1225,19300.0,0.35,1.0,0.708,0.30576217395616384,0.5679012345679012,0.012720715966312642,0.41261584484957248
Metz,57463,Moselle,Lorraine,football,FC Metz,2016,2,3,23,28786,0.46,0.0,1020,0.1255,19056.0,0.9,0.5,0.69800000000000006,0.28952113564794757,0.54611474219317357,0.011038546957802845,0.39438509883466721
Metz,57463,Moselle,Lorraine,football,FC Metz,2015,1,19,19,28786,0.64,0.0,998,0.1268,18860.38,0.1,1.0,0.632,0.27650034911576205,0.53667392883079157,0.010796666446775294,0.38433543728508823
Metz,57463,Moselle,Lorraine,football,FC Metz,2014,2,1,21,28786,0.48,0.0,1115,0.1233,18825.17,1.0,0.5,0.744,0.27415671403858033,0.56209150326797386,0.012083030982694549,0.39674995274076635
Metz,57463,Moselle,Lorraine,football,FC Metz,2012,2,18,38,28786,0.33,0.0,1084,0.1113,18265.0,0.15,0.5,0.359,0.23687088441106602,0.64923747276688459,0.011742199353519361,0.42523818982462841
Metz,57463,Moselle,Lorraine,football,FC Metz,2022,1,19,19,28786,0.56,0.0,1968,,,0.1,1.0,0.6080000000000001,,,0.021461398069353738,
Metz,57463,Moselle,Lorraine,football,FC Metz,2023,2,2,22,28786,0.55,0.0,1984,,,0.95,0.5,0.74500000000000011,,,0.02163731116828287,
Chambly,60139,Oise,Picardie,football,FC Chambly Oise,2021,2,19,39,4550,0.28,0.0,120,0.0843,23650.0,0.1,0.5,0.324,0.59530527494280694,0.84531590413943358,0.0011434351430393386,0.66135177961835923
Chambly,60139,Oise,Picardie,football,FC Chambly Oise,2020,2,10,30,4550,0.49,0.0,110,0.0867,23110.0,0.55,0.5,0.567,0.55936199344101678,0.82788671023965144,0.001033489456208633,0.63820489722433682
Amiens,80021,Somme,Picardie,football,Amiens SC,2021,2,10,30,12999,0.36,0.0,2161,0.1288,19650.0,0.55,0.5,0.528,0.32905874529991674,0.52214960058097315,0.023583349825186357,0.40448997332304648
Amiens,80021,Somme,Picardie,football,Amiens SC,2020,1,19,19,12999,0.9,0.0,1755,0.1311,19270.0,0.1,1.0,0.71000000000000008,0.30376532498384218,0.50544662309368193,0.019119554939859708,0.38378921901030771
Amiens,80021,Somme,Picardie,football,Amiens SC,2019,1,15,15,12999,0.84,0.0,1695,0.1285,18820.0,0.3,1.0,0.772,0.273812590399017,0.52432824981844584,0.018459880818875476,0.38091910147826746
Amiens,80021,Somme,Picardie,football,Amiens SC,2018,1,13,13,12999,0.73,0.0,1562,0.1289,18550.0,0.4,1.0,0.779,0.25584094964812193,0.52142338416848233,0.016997603184027092,0.37154687353550347
Amiens,80021,Somme,Picardie,football,Amiens SC,2017,2,2,22,12999,0.61,0.0,956,0.1307,17950.0,0.95,0.5,0.7629999999999999,0.21590397020168842,0.50835148874364555,0.01033489456208633,0.34570477973354136
Amiens,80021,Somme,Picardie,football,Amiens SC,2012,2,20,40,12999,0.74,0.0,797,0.1353,17054.76,0.05,0.5,0.442,0.15631533440231304,0.47494553376906312,0.00858675814147811,0.30429227971619582
Amiens,80021,Somme,Picardie,football,Amiens SC,2022,2,14,34,12999,0.55,0.0,2010,,,0.35,0.5,0.505,,,0.021923169954042702,
Amiens,80021,Somme,Picardie,football,Amiens SC,2023,2,12,32,12999,0.58,0.0,1939,,,0.45,0.5,0.554,,,0.021142555577544693,
Bordeaux,33063,Gironde,Aquitaine,football,G. Bordeaux,2021,1,12,12,42115,0.11,0.0,9002,0.0911,24870.0,0.45,1.0,0.613,0.67651046648388846,0.79593318809005087,0.098797194186072079,0.71796937773161684
Bordeaux,33063,Gironde,Aquitaine,football,G. Bordeaux,2020,1,12,12,42115,0.56,0.0,7261,0.096,23860.0,0.45,1.0,0.748,0.60928321774905869,0.76034858387799564,0.079655650108846232,0.66371540409304441
Bordeaux,33063,Gironde,Aquitaine,football,G. Bordeaux,2019,1,14,14,42115,0.5,0.0,7478,0.1028,23360.0,0.35,1.0,0.69,0.57600240154369742,0.71096586782861282,0.082041471513072547,0.62690463028832166
Bordeaux,33063,Gironde,Aquitaine,football,G. Bordeaux,2018,1,6,6,42115,0.62,0.0,7054,0.1025,23070.0,0.75,1.0,0.88600000000000012,0.5566995281445879,0.71314451706608573,0.07737977439145062,0.61794195698660337
Bordeaux,33063,Gironde,Aquitaine,football,G. Bordeaux,2017,1,6,6,42115,0.58,0.0,6023,0.1073,22170.0,0.75,1.0,0.87400000000000011,0.49679405897493756,0.67828612926652143,0.066044374079204868,0.57088287526283821
Bordeaux,33063,Gironde,Aquitaine,football,G. Bordeaux,2016,1,11,11,42115,0.6,0.0,5147,0.1115,21752.33,0.5,1.0,0.78,0.4689932619659512,0.64778503994190273,0.056413131912835063,0.53969639071374942
Bordeaux,33063,Gironde,Aquitaine,football,G. Bordeaux,2015,1,6,6,42115,0.56,0.0,4470,0.1122,21404.0,0.75,1.0,0.8680000000000001,0.44580784854832406,0.64270152505446632,0.048969808914396291,0.524158806403761
Bordeaux,33063,Gironde,Aquitaine,football,G. Bordeaux,2014,1,7,7,42115,0.45,0.13,4206,0.1101,21096.67,0.7,1.0,0.828,0.42535146205953661,0.65795206971677556,0.046067242782065657,0.52215024107323527
Bordeaux,33063,Gironde,Aquitaine,football,G. Bordeaux,2013,1,7,7,42115,0.46,0.25,3869,0.107,20865.0,0.7,1.0,0.84300000000000008,0.4099311286789446,0.68046477850399412,0.042362073135870877,0.52538587729151032
Bordeaux,33063,Gironde,Aquitaine,football,G. Bordeaux,2012,1,5,5,42115,0.49,0.0,3656,0.1043,20561.0,0.8,1.0,0.8670000000000001,0.38969639242608495,0.70007262164124906,0.040020230006376847,0.52592498279424693
Bordeaux,33063,Gironde,Aquitaine,football,G. Bordeaux,2022,1,20,20,42115,0.55,0.0,8637,,,0.05,1.0,0.585,,,0.094784176616751328,
Bordeaux,33063,Gironde,Aquitaine,football,G. Bordeaux,2023,2,3,23,42115,0.52,0.0,8468,,,0.9,0.5,0.716,,,0.0929260945093124,
Pau,64445,Pyrénées-Atlantiques,Aquitaine,football,Pau FC,2021,2,14,34,4144,0.55,0.0,1398,0.118,20970.0,0.35,0.5,0.505,0.41692010008207048,0.6005809731299927,0.015194493920003518,0.47465577355782629
Pau,64445,Pyrénées-Atlantiques,Aquitaine,football,Pau FC,2023,2,12,32,4144,0.75,0.0,1234,,,0.45,0.5,0.605,,,0.013391384655979947,
Pau,64445,Pyrénées-Atlantiques,Aquitaine,football,Pau FC,2022,2,10,30,4144,0.64,0.0,1353,,,0.55,0.5,0.6120000000000001,,,0.014699738329265343,
Dijon,21231,Côte-d'Or,Bourgogne,football,Dijon,2021,1,20,20,16098,0.21,0.0,2623,0.0941,22720.0,0.05,1.0,0.48300000000000004,0.53340295680083494,0.77414669571532313,0.028662840556764959,0.61476595085637809
Dijon,21231,Côte-d'Or,Bourgogne,football,Dijon,2020,1,16,16,16098,0.79,0.0,2446,0.0976,22160.0,0.25,1.0,0.737,0.49612844265083034,0.74872912127814084,0.026716801899861468,0.58617433864933322
Dijon,21231,Côte-d'Or,Bourgogne,football,Dijon,2019,1,18,18,16098,0.81,0.0,2268,0.1017,21830.0,0.15,1.0,0.70300000000000007,0.47416310395529188,0.71895424836601307,0.024759768674274908,0.56152225010226076
Dijon,21231,Côte-d'Or,Bourgogne,football,Dijon,2018,1,11,11,16098,0.76,0.0,1871,0.1018,21650.0,0.5,1.0,0.82800000000000007,0.46218201012136184,0.71822803195352214,0.020394924907095893,0.55418428247885376
Dijon,21231,Côte-d'Or,Bourgogne,football,Dijon,2017,1,16,16,16098,0.63,0.0,1596,0.1023,21130.0,0.25,1.0,0.68900000000000006,0.42756996126778612,0.71459694989106748,0.017371418519251489,0.537012168712274
Dijon,21231,Côte-d'Or,Bourgogne,football,Dijon,2016,2,2,22,16098,0.5,0.0,1306,0.1025,20922.25,0.95,0.5,0.73,0.4137417821344585,0.71314451706608573,0.014182993601161027,0.52916046818740681
Dijon,21231,Côte-d'Or,Bourgogne,football,Dijon,2015,2,4,24,16098,0.54,0.0,1281,0.1021,20837.33,0.85,0.5,0.702,0.40808936831014003,0.71604938271604945,0.013908129384084263,0.5282145033741229
Dijon,21231,Côte-d'Or,Bourgogne,football,Dijon,2014,2,6,26,16098,0.51,0.0,1335,0.0999,20688.1,0.75,0.5,0.653,0.39815637590548769,0.73202614379084963,0.014501836092970073,0.532526540304105
Dijon,21231,Côte-d'Or,Bourgogne,football,Dijon,2013,2,7,27,16098,0.54,0.0,1190,0.0951,20520.67,0.7,0.5,0.6419999999999999,0.38701196179096042,0.76688453159041392,0.012907623633924841,0.54470086232855364
Dijon,21231,Côte-d'Or,Bourgogne,football,Dijon,2012,1,19,19,16098,0.84,0.0,1270,0.0909,20281.33,0.1,1.0,0.69200000000000006,0.37108110068977834,0.79738562091503273,0.013787189128570486,0.554018845297713
Dijon,21231,Côte-d'Or,Bourgogne,football,Dijon,2022,2,11,31,16098,0.4,0.0,2459,,,0.5,0.5,0.52,,,0.026859731292741384,
Dijon,21231,Côte-d'Or,Bourgogne,football,Dijon,2023,2,18,38,16098,0.47,0.0,2406,,,0.15,0.5,0.401,,,0.026277019152538647,
Auxerre,89024,Yonne,Bourgogne,football,AJ Auxerre,2021,2,6,26,18541,0.27,0.0,478,0.1088,20340.0,0.75,0.5,0.58100000000000007,0.37498627166331527,0.66739288307915756,0.0050794907315786005,0.48623069557069426
Auxerre,89024,Yonne,Bourgogne,football,AJ Auxerre,2020,2,11,31,18541,0.31,0.0,434,0.1117,19890.0,0.5,0.5,0.49300000000000005,0.34503353707849016,0.64633260711692087,0.0045957297095234953,0.46347758324461824
Auxerre,89024,Yonne,Bourgogne,football,AJ Auxerre,2019,2,15,35,18541,0.34,0.0,372,0.1208,19390.0,0.3,0.5,0.42200000000000004,0.31175272087312889,0.58024691358024683,0.0039140664511731205,0.41678157836496149
Auxerre,89024,Yonne,Bourgogne,football,AJ Auxerre,2018,2,11,31,18541,0.32,0.0,335,0.1205,19040.0,0.5,0.5,0.49600000000000005,0.288456149529376,0.58242556281771973,0.00350726740989951,0.40834887492556
Auxerre,89024,Yonne,Bourgogne,football,AJ Auxerre,2017,2,17,37,18541,0.33,0.0,286,0.1247,18720.0,0.2,0.5,0.379,0.26715642715794474,0.55192447349310081,0.0029685335444290519,0.38430907438194284
Auxerre,89024,Yonne,Bourgogne,football,AJ Auxerre,2016,2,8,28,18541,0.29,0.0,267,0.1316,18466.15,0.65,0.5,0.54699999999999993,0.25025975677048296,0.50181554103122727,0.0027596367394507114,0.35239149159353217
Auxerre,89024,Yonne,Bourgogne,football,AJ Auxerre,2015,2,9,29,18541,0.33,0.0,246,0.1347,18451.17,0.6,0.5,0.53899999999999992,0.2492626635169701,0.47930283224400883,0.0025287507971062297,0.34062085692734556
Auxerre,89024,Yonne,Bourgogne,football,AJ Auxerre,2014,2,16,36,18541,0.3,0.0,257,0.1286,18212.75,0.25,0.5,0.39,0.23339303911760576,0.523602033405955,0.0026496910526200056,0.35648307787632982
Auxerre,89024,Yonne,Bourgogne,football,AJ Auxerre,2013,2,9,29,18541,0.32,0.0,261,0.1261,18121.11,0.6,0.5,0.536,0.22729333112348718,0.54175744371822809,0.0026936693273522882,0.36314288897218505
Auxerre,89024,Yonne,Bourgogne,football,AJ Auxerre,2012,1,20,20,18541,0.65,0.0,253,0.1211,17769.33,0.05,1.0,0.615,0.20387828007404327,0.57806826434277414,0.0026057127778877235,0.37188830058994821
Auxerre,89024,Yonne,Bourgogne,football,AJ Auxerre,2022,2,3,23,18541,0.47,0.0,474,,,0.9,0.5,0.70100000000000007,,,0.0050355124568463175,
Auxerre,89024,Yonne,Bourgogne,football,AJ Auxerre,2023,1,17,17,18541,0.84,0.0,468,,,0.2,1.0,0.732,,,0.0049695450447478943,
Bourg-en-Bresse,01053,Ain,Rhône-Alpes,football,Bourg-en-Bresse,2018,2,18,38,11368,0.26,0.0,385,0.1245,19180.0,0.15,0.5,0.338,0.29777477806687713,0.55337690631808278,0.0040569958440530374,0.39782686230781877
Bourg-en-Bresse,01053,Ain,Rhône-Alpes,football,Bourg-en-Bresse,2017,2,15,35,11368,0.22,0.0,323,0.1242,18530.0,0.3,0.5,0.386,0.25450971699990749,0.55555555555555547,0.003375332585702663,0.38126933087059206
Bourg-en-Bresse,01053,Ain,Rhône-Alpes,football,Bourg-en-Bresse,2016,2,11,31,11368,0.19,0.0,367,0.1271,18249.29,0.5,0.5,0.457,0.23582520116589362,0.53449527959331888,0.0038590936077577678,0.36350726706689573
Grenoble,38185,Isère,Rhône-Alpes,football,Grenoble,2021,2,4,24,20068,0.14,0.0,3167,0.0963,22140.0,0.85,0.5,0.58200000000000007,0.49479721000261589,0.75816993464052285,0.034643885920355347,0.59432579428148546
Grenoble,38185,Isère,Rhône-Alpes,football,Grenoble,2020,2,9,29,20068,0.26,0.0,2843,0.1014,21680.0,0.6,0.5,0.518,0.4641788590936835,0.72113289760348587,0.031081645667040483,0.56177881527273654
Grenoble,38185,Isère,Rhône-Alpes,football,Grenoble,2019,2,9,29,20068,0.32,0.0,2837,0.1046,21170.0,0.6,0.5,0.536,0.430232426564215,0.69789397240377626,0.031015678254942058,0.53654779595504509
Grenoble,38185,Isère,Rhône-Alpes,football,Grenoble,2022,2,15,35,20068,0.19,0.0,3048,,,0.3,0.5,0.377,,,0.033335532247069949,
Grenoble,38185,Isère,Rhône-Alpes,football,Grenoble,2023,2,10,30,20068,0.28,0.0,2978,,,0.55,0.5,0.504,,,0.03256591243925501,
Saint-Étienne,42218,Loire,Rhône-Alpes,football,Saint-Étienne,2021,1,11,11,41965,0.07,0.0,2898,0.133,19010.0,0.5,1.0,0.621,0.28645930055705432,0.49164851125635434,0.03168634694460936,0.37625114932330361
Saint-Étienne,42218,Loire,Rhône-Alpes,football,Saint-Étienne,2020,1,17,17,41965,0.58,0.0,2610,0.136,18680.0,0.2,1.0,0.654,0.26449396186151586,0.4698620188816266,0.028519911163885039,0.35498854976736222
Saint-Étienne,42218,Loire,Rhône-Alpes,football,Saint-Étienne,2019,1,4,4,41965,0.68,0.0,2438,0.1366,18410.0,0.85,1.0,0.94400000000000006,0.24652232111062078,0.46550472040668112,0.026628845350396904,0.34467571132278729
Saint-Étienne,42218,Loire,Rhône-Alpes,football,Saint-Étienne,2018,1,7,7,41965,0.67,0.0,1905,0.1364,18330.0,0.7,1.0,0.881,0.24119739051776298,0.46695715323166309,0.020768740242320293,0.34034190294409689
Saint-Étienne,42218,Loire,Rhône-Alpes,football,Saint-Étienne,2017,1,8,8,41965,0.65,0.0,1568,0.1399,17980.0,0.65,1.0,0.855,0.21790081917401008,0.44153957879448069,0.017063570596125514,0.31646190236490712
Saint-Étienne,42218,Loire,Rhône-Alpes,football,Saint-Étienne,2015,1,5,5,41965,0.77,0.38,1432,0.1433,17802.0,0.8,1.0,0.9890000000000001,0.20605284860490147,0.41684822076978922,0.015568309255227918,0.29862940445446917
Saint-Étienne,42218,Loire,Rhône-Alpes,football,Saint-Étienne,2014,1,4,4,41965,0.72,0.13,1471,0.1379,17781.71,0.85,1.0,0.96900000000000008,0.20470231308328785,0.45606390704429922,0.015997097433867669,0.31791142747239859
Saint-Étienne,42218,Loire,Rhône-Alpes,football,Saint-Étienne,2016,1,6,6,41965,0.72,0.0,1461,0.1424,17765.33,0.75,1.0,0.916,0.20361203354440038,0.42338416848220761,0.015887151747036962,0.30108047353238243
Saint-Étienne,42218,Loire,Rhône-Alpes,football,Saint-Étienne,2013,1,5,5,41965,0.55,0.0,1426,0.1341,17694.0,0.8,1.0,0.88500000000000012,0.19886419230454344,0.4836601307189542,0.015502341843129494,0.32912691320285925
Saint-Étienne,42218,Loire,Rhône-Alpes,football,Saint-Étienne,2012,1,7,7,41965,0.51,0.0,1409,0.128,17397.78,0.7,1.0,0.833,0.17914730555183914,0.52795933188090038,0.015315434175517294,0.3432963052489445
Saint-Étienne,42218,Loire,Rhône-Alpes,football,Saint-Étienne,2022,1,18,18,41965,0.58,0.0,2789,,,0.15,1.0,0.634,,,0.030487938958154673,
Saint-Étienne,42218,Loire,Rhône-Alpes,football,Saint-Étienne,2023,2,8,28,41965,0.52,0.0,2725,,,0.65,0.5,0.6160000000000001,,,0.029784286562438155,
Lyon,69123,Rhône,Rhône-Alpes,football,Ol. Lyonnais,2021,1,4,4,59186,0.05,0.0,14417,0.0851,25430.0,0.85,1.0,0.75500000000000012,0.71378498063389306,0.83950617283950624,0.15833278360489919,0.78443347047576
Lyon,69123,Rhône,Rhône-Alpes,football,Ol. Lyonnais,2020,1,7,7,59186,0.8,0.0,13513,0.0882,24570.0,0.7,1.0,0.92,0.65654197676067161,0.81699346405228757,0.14839369351540338,0.745310369488114
Lyon,69123,Rhône,Rhône-Alpes,football,Ol. Lyonnais,2019,1,3,3,59186,0.83,0.0,14067,0.0927,24150.0,0.9,1.0,1.009,0.62858609114816821,0.78431372549019607,0.15448468456582448,0.72083364148727758
Lyon,69123,Rhône,Rhône-Alpes,football,Ol. Lyonnais,2018,1,3,3,59186,0.78,0.0,11908,0.0928,23890.0,0.9,1.0,0.99400000000000011,0.61128006672138036,0.78358750907770514,0.13074741077907515,0.70167948661694224
Lyon,69123,Rhône,Rhône-Alpes,football,Ol. Lyonnais,2017,1,4,4,59186,0.66,0.0,10363,0.0969,23250.0,0.85,1.0,0.93800000000000006,0.56868062197851788,0.75381263616557737,0.11376080216373112,0.66125896795606143
Lyon,69123,Rhône,Rhône-Alpes,football,Ol. Lyonnais,2016,1,2,2,59186,0.68,0.13,8667,0.0995,22806.6,0.95,1.0,0.99700000000000011,0.53916719416760339,0.73493100944081324,0.095114013677243439,0.63068938922606976
Lyon,69123,Rhône,Rhône-Alpes,football,Ol. Lyonnais,2015,1,2,2,59186,0.59,0.13,7409,0.102,22501.3,0.95,1.0,0.97,0.51884592779260985,0.71677559912854028,0.081282846273940668,0.6065675938182844
Lyon,69123,Rhône,Rhône-Alpes,football,Ol. Lyonnais,2014,1,5,5,59186,0.58,0.38,6911,0.1007,22145.33,0.8,1.0,0.93200000000000016,0.49515198350336515,0.72621641249092228,0.075807551069771537,0.599072775181693
Lyon,69123,Rhône,Rhône-Alpes,football,Ol. Lyonnais,2013,1,3,3,59186,0.54,0.38,6712,0.0987,21883.33,0.9,1.0,0.96000000000000008,0.47771283581175583,0.7407407407407407,0.0736196319018405,0.59826532064599292
Lyon,69123,Rhône,Rhône-Alpes,football,Ol. Lyonnais,2012,1,4,4,59186,0.56,0.5,6713,0.0967,21659.56,0.85,1.0,0.95800000000000007,0.46281833932720839,0.75526506899055923,0.073630626470523555,0.59957518346142469
Lyon,69123,Rhône,Rhône-Alpes,football,Ol. Lyonnais,2022,1,8,8,59186,0.61,0.13,14381,,,0.65,1.0,0.856,,,0.15793697913230864,
Lyon,69123,Rhône,Rhône-Alpes,football,Ol. Lyonnais,2023,1,7,7,59186,0.78,0.38,13728,,,0.7,1.0,0.95200000000000007,,,0.15075752578226356,
Annecy,74010,Haute-Savoie,Rhône-Alpes,football,FC Annecy,2023,2,17,37,13634,0.5,0.0,2508,,,0.2,0.5,0.43000000000000005,,,0.027398465158211843,
Thonon-les-Bains,74281,Haute-Savoie,Rhône-Alpes,football,FC Évian,2016,2,18,38,12243,0.33,0.0,345,0.1092,22672.67,0.15,0.5,0.359,0.53025259473883535,0.66448801742919383,0.0036172130967302152,0.54615365315849618
Thonon-les-Bains,74281,Haute-Savoie,Rhône-Alpes,football,FC Évian,2015,1,18,18,12243,0.86,0.0,300,0.1113,22369.33,0.15,1.0,0.718,0.510061789163367,0.64923747276688459,0.00312245750599204,0.53020468080178507
Thonon-les-Bains,74281,Haute-Savoie,Rhône-Alpes,football,FC Évian,2014,1,14,14,12243,0.9,0.0,335,0.1103,21489.47,0.35,1.0,0.81,0.45149687127046861,0.65649963689179369,0.00350726740989951,0.51060220065903406
Thonon-les-Bains,74281,Haute-Savoie,Rhône-Alpes,football,FC Évian,2013,1,16,16,12243,0.83,0.0,316,0.1019,21162.67,0.25,1.0,0.749,0.4297445297986443,0.7175018155410311,0.0032983706049211688,0.5322979049924339
Thonon-les-Bains,74281,Haute-Savoie,Rhône-Alpes,football,FC Évian,2012,1,9,9,12243,0.96,0.0,300,0.0993,20901.0,0.6,1.0,0.928,0.41232734744573063,0.73638344226579522,0.00312245750599204,0.53468388886418583
Sochaux,25547,Doubs,Franche-Comté,football,FC Sochaux,2020,2,14,34,20005,0.35,0.0,37,0.1398,17240.0,0.35,0.5,0.445,0.16864521119007539,0.44226579520697162,0.00023088594234448183,0.28870642505068816
Sochaux,25547,Doubs,Franche-Comté,football,FC Sochaux,2018,2,10,30,20005,0.39,0.0,29,0.138,17080.0,0.55,0.5,0.537,0.1579953500043598,0.45533769063180818,0.00014292939287991732,0.29093845001408797
Sochaux,25547,Doubs,Franche-Comté,football,FC Sochaux,2021,2,7,27,20005,0.24,0.0,69,0.1397,17050.0,0.7,0.5,0.552,0.15599850103203811,0.44299201161946267,0.00058271214020273981,0.284186762292648
Sochaux,25547,Doubs,Franche-Comté,football,FC Sochaux,2019,2,16,36,20005,0.37,0.0,26,0.1395,16820.0,0.25,0.5,0.41100000000000003,0.14068932557757194,0.44444444444444431,0.00010994568683070564,0.27855292529666631
Sochaux,25547,Doubs,Franche-Comté,football,FC Sochaux,2017,2,13,33,20005,0.48,0.0,32,0.136,16710.0,0.4,0.5,0.504,0.13336754601239245,0.4698620188816266,0.000175913098929129,0.28836598439523486
Sochaux,25547,Doubs,Franche-Comté,football,FC Sochaux,2016,2,15,35,20005,0.45,0.0,16,0.1987,16266.0,0.3,0.5,0.455,0.10381418122203163,0.014524328249818419,0.0,0.048787836613721866
Sochaux,25547,Doubs,Franche-Comté,football,FC Sochaux,2014,1,18,18,20005,0.72,0.0,28,0.1984,15703.33,0.15,1.0,0.676,0.06636194751349038,0.016702977487291215,0.00013193482419684676,0.034962235161140186
Sochaux,25547,Doubs,Franche-Comté,football,FC Sochaux,2013,1,15,15,20005,0.67,0.0,23,0.1998,15694.0,0.3,1.0,0.72100000000000009,0.065740927483098344,0.0065359477124181664,7.696198078149394e-05,0.029602825839839166
Sochaux,25547,Doubs,Franche-Comté,football,FC Sochaux,2015,2,10,30,20005,0.46,0.0,23,0.1985,15594.0,0.55,0.5,0.558,0.059084764242026085,0.015976761074800172,7.696198078149394e-05,0.031660767224601274
Sochaux,25547,Doubs,Franche-Comté,football,FC Sochaux,2012,1,14,14,20005,0.7,0.0,21,0.2007,15585.33,0.35,1.0,0.75,0.05850767488902512,0.0,5.4972843415352818e-05,0.023430556377317724
Sochaux,25547,Doubs,Franche-Comté,football,FC Sochaux,2022,2,5,25,20005,0.46,0.0,62,,,0.8,0.5,0.65800000000000014,,,0.00050575015942124586,
Sochaux,25547,Doubs,Franche-Comté,football,FC Sochaux,2023,2,9,29,20005,0.6,0.0,45,,,0.6,0.5,0.62,,,0.00031884249180904635,
Paris,75056,Paris,Île-de-France,football,Paris SG,2021,1,2,2,48583,0.06,0.38,83990,0.0841,29730.0,0.95,1.0,0.83600000000000008,1.0,0.84676833696441545,0.92325791059216744,1.2850131237782914
Paris,75056,Paris,Île-de-France,football,Paris FC,2021,2,5,25,20000,0.08,0.0,83990,0.0841,29730.0,0.8,0.5,0.544,1.0,0.84676833696441545,0.92325791059216744,1.2850131237782914
Paris,75056,Paris,Île-de-France,football,Paris SG,2020,1,1,1,48583,0.98,0.88,76781,0.0867,28790.0,1.0,1.0,1.182,0.93743206553392078,0.82788671023965144,0.84399806495591179,1.21091521381135
Paris,75056,Paris,Île-de-France,football,Paris FC,2020,2,17,37,20000,0.12,0.0,76781,0.0867,28790.0,0.2,0.5,0.31600000000000006,0.93743206553392078,0.82788671023965144,0.84399806495591179,1.21091521381135
Paris,75056,Paris,Île-de-France,football,Paris SG,2019,1,1,1,48583,0.97,0.5,78151,0.0898,28570.0,1.0,1.0,1.1410000000000002,0.9227885064035618,0.80537400145243276,0.85906062405171846,1.2013327153135003
Paris,75056,Paris,Île-de-France,football,Paris FC,2019,2,4,24,20000,0.19,0.0,78151,0.0898,28570.0,0.85,0.5,0.597,0.9227885064035618,0.80537400145243276,0.85906062405171846,1.2013327153135003
Paris,75056,Paris,Île-de-France,football,Paris SG,2018,1,1,1,48583,0.97,0.38,70695,0.0899,28270.0,1.0,1.0,1.1290000000000002,0.90282001668034506,0.80464778503994194,0.77708511995074436,1.1519944591674813
Paris,75056,Paris,Île-de-France,football,Paris FC,2018,2,8,28,20000,0.15,0.0,70695,0.0899,28270.0,0.65,0.5,0.505,0.90282001668034506,0.80464778503994194,0.77708511995074436,1.1519944591674813
Paris,75056,Paris,Île-de-France,football,Paris SG,2017,1,2,2,48583,0.93,0.5,63560,0.0926,27400.0,0.95,1.0,1.1090000000000002,0.8449113964830165,0.785039941902687,0.69863887239703581,1.079803965743068
Paris,75056,Paris,Île-de-France,football,Paris SG,2016,1,1,1,48583,0.95,0.5,58546,0.0941,26808.8,1.0,1.0,1.135,0.80556015940179726,0.77414669571532313,0.64351210502012,1.0310534641284406
Paris,75056,Paris,Île-de-France,football,Paris FC,2016,2,20,40,20000,0.16,0.0,58546,0.0941,26808.8,0.05,0.5,0.268,0.80556015940179726,0.77414669571532313,0.64351210502012,1.0310534641284406
Paris,75056,Paris,Île-de-France,football,Paris SG,2015,1,1,1,48583,0.94,0.5,50624,0.0948,26430.9,1.0,1.0,1.132,0.7804065185137854,0.76906318082788672,0.556413131912835,0.97490076377587509
Paris,75056,Paris,Île-de-France,football,Paris SG,2014,1,1,1,48583,0.93,0.5,47932,0.093,26194.67,1.0,1.0,1.1290000000000002,0.76468266408940011,0.78213507625272327,0.52681575301800909,0.96034848027112629
Paris,75056,Paris,Île-de-France,football,Paris SG,2013,1,1,1,48583,0.89,0.5,44928,0.0918,25981.33,1.0,1.0,1.1170000000000002,0.75048240543089684,0.79084967320261434,0.49378806869406511,0.94251183312069853
Paris,75056,Paris,Île-de-France,football,Paris SG,2012,1,2,2,48583,0.88,0.13,45584,0.0901,25711.0,0.95,1.0,1.057,0.73248879934130606,0.80319535221496008,0.50100050575015942,0.94509344871908219
Paris,75056,Paris,Île-de-France,football,Paris SG,2022,1,1,1,48583,0.86,0.25,88925,,,1.0,1.0,1.083,,,0.97751610704312075,
Paris,75056,Paris,Île-de-France,football,Paris FC,2022,2,4,24,20000,0.15,0.0,88925,,,0.85,0.5,0.585,,,0.97751610704312075,
Paris,75056,Paris,Île-de-France,football,Paris SG,2023,1,1,1,48583,0.95,0.25,90970,,,1.0,1.0,1.1099999999999999,,,1.0,
Paris,75056,Paris,Île-de-France,football,Paris FC,2023,2,7,27,20000,0.2,0.0,90970,,,0.7,0.5,0.54,,,1.0,
Saint-Ouen,93070,Seine-Saint-Denis,Île-de-France,football,Red Star FC,2019,2,20,40,5600,0.41,0.0,1455,0.1364,18760.0,0.05,0.5,0.34299999999999997,0.26981889245437368,0.46695715323166309,0.015821184334938541,0.3493167257650503
Saint-Ouen,93070,Seine-Saint-Denis,Île-de-France,football,Red Star FC,2017,2,19,39,5600,0.88,0.0,1205,0.1355,17760.0,0.1,0.5,0.504,0.20325726004365113,0.47349310094408126,0.0130725421641709,0.32458572557158649
Saint-Ouen,93070,Seine-Saint-Denis,Île-de-France,football,Red Star FC,2016,2,5,25,5600,0.34,0.0,996,0.1334,17328.67,0.8,0.5,0.62200000000000011,0.17454723113593404,0.48874364560639072,0.010774677309409153,0.31957805391227356
Créteil,94028,Val-de-Marne,Île-de-France,football,US Créteil-L,2016,2,19,39,12150,0.19,0.0,888,0.1111,19086.5,0.1,0.5,0.29700000000000004,0.29155126543647458,0.65068990559186635,0.0095872638916375316,0.44675909091634181
Créteil,94028,Val-de-Marne,Île-de-France,football,US Créteil-L,2015,2,14,34,12150,0.2,0.0,821,0.1138,19052.78,0.35,0.5,0.4,0.28930680719158491,0.6310820624546114,0.0088506277898718032,0.43568906799887558
Créteil,94028,Val-de-Marne,Île-de-France,football,US Créteil-L,2014,2,11,31,12150,0.21,0.0,765,0.1102,19007.71,0.5,0.5,0.463,0.28630687441883368,0.65722585330428462,0.0082349319436198515,0.44725314239148573
Caen,14118,Calvados,Basse-Normandie,football,SM Caen,2021,2,17,37,20500,0.21,0.0,2227,0.1022,21600.0,0.2,0.5,0.343,0.45885392850082568,0.71532316630355841,0.024308991358269014,0.553357650231244
Caen,14118,Calvados,Basse-Normandie,football,SM Caen,2020,2,13,33,20500,0.5,0.0,1881,0.1048,21060.0,0.4,0.5,0.51,0.42291064699903552,0.6964415395787944,0.0205048705939266,0.52763746388597466
Caen,14118,Calvados,Basse-Normandie,football,SM Caen,2019,1,19,19,20500,0.81,0.0,1775,0.1135,20770.0,0.1,1.0,0.683,0.403607773599926,0.6332607116920842,0.019339446313521122,0.48774318844277309
Caen,14118,Calvados,Basse-Normandie,football,SM Caen,2018,1,16,16,20500,0.84,0.0,1522,0.1138,20450.0,0.25,1.0,0.752,0.38230805122849476,0.6310820624546114,0.016557820436704267,0.47674316193705579
Caen,14118,Calvados,Basse-Normandie,football,SM Caen,2017,1,17,17,20500,0.82,0.0,1070,0.116,20020.0,0.2,1.0,0.726,0.35368654929188409,0.61510530137981112,0.011588275391956374,0.45482140810263744
Caen,14118,Calvados,Basse-Normandie,football,SM Caen,2016,1,7,7,20500,0.86,0.0,921,0.1186,19666.19,0.7,1.0,0.93800000000000006,0.33013637812864627,0.59622367465504722,0.00995008465817886,0.43514143090807156
Caen,14118,Calvados,Basse-Normandie,football,SM Caen,2015,1,13,13,20500,0.82,0.0,929,0.1204,19554.8,0.4,1.0,0.806,0.32272207789441593,0.58315177923021055,0.010038041207643424,0.42568374137669335
Caen,14118,Calvados,Basse-Normandie,football,SM Caen,2014,2,3,23,20500,0.53,0.0,990,0.1184,19271.0,0.9,0.5,0.71900000000000008,0.30383188661625288,0.597676107480029,0.010708709897310728,0.425725163335171
Caen,14118,Calvados,Basse-Normandie,football,SM Caen,2013,2,4,24,20500,0.49,0.0,937,0.1131,19024.4,0.85,0.5,0.687,0.28741778806376883,0.63616557734204782,0.010125997757107989,0.43811290277508541
Caen,14118,Calvados,Basse-Normandie,football,SM Caen,2012,1,18,18,20500,0.75,0.0,936,0.1127,18760.57,0.15,1.0,0.685,0.26985683258484777,0.63907044299201166,0.010115003188424919,0.43253545612415745
Caen,14118,Calvados,Basse-Normandie,football,SM Caen,2022,2,7,27,20500,0.49,0.0,1911,,,0.7,0.5,0.627,,,0.020834707654418718,
Caen,14118,Calvados,Basse-Normandie,football,SM Caen,2023,2,5,25,20500,0.68,0.0,1981,,,0.8,0.5,0.724,,,0.021604327462233657,
Le Havre,76351,Seine-Maritime,Haute-Normandie,football,Le Havre AC,2021,2,12,32,25178,0.13,0.0,2277,0.1401,20180.0,0.45,0.5,0.41900000000000004,0.36433641047759968,0.44008714596949883,0.024858719792422542,0.37820749707200058
Le Havre,76351,Seine-Maritime,Haute-Normandie,football,Le Havre AC,2020,2,6,26,25178,0.3,0.0,1825,0.1458,19650.0,0.75,0.5,0.59000000000000008,0.32905874529991674,0.39869281045751626,0.01988917474767465,0.34091449072256214
Le Havre,76351,Seine-Maritime,Haute-Normandie,football,Le Havre AC,2019,2,7,27,25178,0.26,0.0,1687,0.1525,19380.0,0.7,0.5,0.558,0.31108710454902166,0.35003631082062447,0.018371924269410912,0.30863895936462638
Le Havre,76351,Seine-Maritime,Haute-Normandie,football,Le Havre AC,2018,2,4,24,25178,0.29,0.0,1271,0.1518,19240.0,0.85,0.5,0.627,0.30176847601152051,0.355119825708061,0.013798183697253557,0.30516639510726551
Le Havre,76351,Seine-Maritime,Haute-Normandie,football,Le Havre AC,2017,2,8,28,25178,0.31,0.0,962,0.1511,18800.0,0.65,0.5,0.55299999999999994,0.27248135775080257,0.3602033405954973,0.010400861974184753,0.29429464438516206
Le Havre,76351,Seine-Maritime,Haute-Normandie,football,Le Havre AC,2016,2,4,24,25178,0.3,0.0,891,0.1523,18506.67,0.85,0.5,0.63000000000000012,0.25295683411576519,0.35148874364560645,0.0096202475976867423,0.28173722926795269
Le Havre,76351,Seine-Maritime,Haute-Normandie,football,Le Havre AC,2015,2,7,27,25178,0.29,0.0,876,0.1519,18375.0,0.7,0.5,0.567,0.24419266397624548,0.35439360929556996,0.0094553290674406851,0.27960153477200356
Le Havre,76351,Seine-Maritime,Haute-Normandie,football,Le Havre AC,2014,2,12,32,25178,0.3,0.0,934,0.1495,18243.91,0.45,0.5,0.47000000000000003,0.23546709958352385,0.37182280319535221,0.010093014051058776,0.285144748456615
Le Havre,76351,Seine-Maritime,Haute-Normandie,football,Le Havre AC,2013,2,6,26,25178,0.34,0.0,882,0.1455,18087.22,0.75,0.5,0.60200000000000009,0.22503755740108783,0.40087145969498916,0.0095212964795391083,0.29521140104769927
Le Havre,76351,Seine-Maritime,Haute-Normandie,football,Le Havre AC,2012,2,15,35,25178,0.32,0.0,882,0.1415,17633.33,0.3,0.5,0.41600000000000004,0.19482589806618503,0.429920116194626,0.0095212964795391083,0.29765106556355658
Le Havre,76351,Seine-Maritime,Haute-Normandie,football,Le Havre AC,2022,2,8,28,25178,0.24,0.0,2150,,,0.65,0.5,0.532,,,0.023462409569672583,
Le Havre,76351,Seine-Maritime,Haute-Normandie,football,Le Havre AC,2023,2,1,21,25178,0.5,0.0,2042,,,1.0,0.5,0.75,,,0.022274996151900962,
Petit-Quevilly,76498,Seine-Maritime,Haute-Normandie,football,Quevilly Rouen,2018,2,19,39,8372,0.32,0.0,225,0.1493,17930.0,0.1,0.5,0.336,0.21457273755347395,0.37327523602033408,0.0022978648547617476,0.27361564545893752
Petit-Quevilly,76498,Seine-Maritime,Haute-Normandie,football,Quevilly Rouen,2022,2,18,38,8372,0.38,0.0,293,,,0.15,0.5,0.374,,,0.0030454955252105461,
Petit-Quevilly,76498,Seine-Maritime,Haute-Normandie,football,Quevilly Rouen,2023,2,11,31,8372,0.46,0.0,335,,,0.5,0.5,0.538,,,0.00350726740989951,
Rodez,12202,Aveyron,Midi-Pyrénées,football,Rodez AF,2021,2,15,35,5955,0.31,0.0,330,0.0734,22210.0,0.3,0.5,0.41300000000000003,0.49945652427136644,0.92447349310094407,0.0034522945664841567,0.6637455035422607
Rodez,12202,Aveyron,Midi-Pyrénées,football,Rodez AF,2020,2,16,36,5955,0.48,0.0,291,0.074,21490.0,0.25,0.5,0.444,0.45153214893564619,0.92011619462599858,0.0030235063878444051,0.64218271008117989
Rodez,12202,Aveyron,Midi-Pyrénées,football,Rodez AF,2022,2,17,37,5955,0.24,0.0,371,,,0.2,0.5,0.35200000000000004,,,0.00390307188249005,
Rodez,12202,Aveyron,Midi-Pyrénées,football,Rodez AF,2023,2,14,34,5955,0.37,0.0,368,,,0.35,0.5,0.451,,,0.0038700881764408383,
Toulouse,31555,Haute-Garonne,Midi-Pyrénées,football,Toulouse,2021,2,3,23,33150,0.08,0.0,12099,0.1029,22140.0,0.9,0.5,0.58400000000000007,0.49479721000261589,0.710239651416122,0.1328473733975416,0.61946239640787826
Toulouse,31555,Haute-Garonne,Midi-Pyrénées,football,Toulouse,2020,1,20,20,33150,0.43,0.0,11098,0.1086,21730.0,0.05,1.0,0.549,0.46750694071421961,0.66884531590413943,0.12184181014578799,0.58234633931065161
Toulouse,31555,Haute-Garonne,Midi-Pyrénées,football,Toulouse,2019,1,16,16,33150,0.49,0.0,10821,0.1142,21440.0,0.25,1.0,0.647,0.44820406731511009,0.62817719680464779,0.11879631462057744,0.55276838263865669
Toulouse,31555,Haute-Garonne,Midi-Pyrénées,football,Toulouse,2018,1,18,18,33150,0.51,0.0,8952,0.1139,21190.0,0.15,1.0,0.613,0.43156365921242945,0.63035584604212058,0.098247465751918547,0.53692711958199135
Toulouse,31555,Haute-Garonne,Midi-Pyrénées,football,Toulouse,2017,1,13,13,33150,0.51,0.0,7328,0.1211,20640.0,0.4,1.0,0.71300000000000008,0.39495476138653207,0.57806826434277414,0.080392286210611952,0.48721217983130582
Toulouse,31555,Haute-Garonne,Midi-Pyrénées,football,Toulouse,2016,1,17,17,33150,0.49,0.0,6049,0.1271,20430.0,0.2,1.0,0.627,0.38097681858028032,0.53449527959331888,0.066330232864964714,0.45280348366125395
Toulouse,31555,Haute-Garonne,Midi-Pyrénées,football,Toulouse,2015,1,17,17,33150,0.47,0.0,5544,0.1282,20289.0,0.2,1.0,0.621,0.37159162841036847,0.52650689905591852,0.060777975680014071,0.44227908873211369
Toulouse,31555,Haute-Garonne,Midi-Pyrénées,football,Toulouse,2014,1,9,9,33150,0.45,0.0,5597,0.1274,20270.67,0.6,1.0,0.775,0.37037155368827979,0.532316630355846,0.061360687820216815,0.44498728056334336
Toulouse,31555,Haute-Garonne,Midi-Pyrénées,football,Toulouse,2013,1,10,10,33150,0.53,0.0,5249,0.1238,20100.0,0.55,1.0,0.779,0.35901147988474186,0.55846042120551931,0.057534577918508259,0.45160209151591052
Toulouse,31555,Haute-Garonne,Midi-Pyrénées,football,Toulouse,2012,1,8,8,33150,0.65,0.0,5181,0.1189,19883.2,0.65,1.0,0.855,0.34458091797809726,0.59404502541757442,0.056786947248059459,0.46324835352405586
Toulouse,31555,Haute-Garonne,Midi-Pyrénées,football,Toulouse,2022,2,1,21,33150,0.36,0.0,11248,,,1.0,0.5,0.708,,,0.12349099544824857,
Toulouse,31555,Haute-Garonne,Midi-Pyrénées,football,Toulouse,2023,1,13,13,33150,0.72,0.0,11252,,,0.4,1.0,0.776,,,0.12353497372298085,
Nantes,44109,Loire-Atlantique,Pays de la Loire,football,FC Nantes,2021,1,18,18,35322,0.1,0.0,7080,0.1009,24170.0,0.15,1.0,0.49,0.62991732379638266,0.72476397966594042,0.077665633177210452,0.65318173594012852
Nantes,44109,Loire-Atlantique,Pays de la Loire,football,FC Nantes,2020,1,13,13,35322,0.71,0.0,5815,0.1052,23500.0,0.4,1.0,0.773,0.58532103008119851,0.69353667392883078,0.0637575037931262,0.61277550089345789
Nantes,44109,Loire-Atlantique,Pays de la Loire,football,FC Nantes,2019,1,12,12,35322,0.71,0.0,5607,0.1127,22960.0,0.45,1.0,0.793,0.54937774857940835,0.63907044299201166,0.061470633507047519,0.570021637681293
Nantes,44109,Loire-Atlantique,Pays de la Loire,football,FC Nantes,2018,1,9,9,35322,0.7,0.0,4589,0.1125,22600.0,0.6,1.0,0.85,0.52541556091154829,0.64052287581699341,0.050278162587681682,0.55556674356695679
Nantes,44109,Loire-Atlantique,Pays de la Loire,football,FC Nantes,2017,1,7,7,35322,0.66,0.0,4328,0.1173,21860.0,0.7,1.0,0.878,0.47615995292761354,0.60566448801742911,0.047408580161400267,0.5170005152604602
Nantes,44109,Loire-Atlantique,Pays de la Loire,football,FC Nantes,2016,1,14,14,35322,0.68,0.0,3829,0.1204,21512.5,0.35,1.0,0.744,0.4530297856648875,0.58315177923021055,0.041922290388548056,0.49374894907533429
Nantes,44109,Loire-Atlantique,Pays de la Loire,football,FC Nantes,2015,1,14,14,35322,0.74,0.0,3413,0.1215,21262.67,0.35,1.0,0.762,0.43640069303971657,0.57516339869281041,0.0373485498163907,0.48081625147048718
Nantes,44109,Loire-Atlantique,Pays de la Loire,football,FC Nantes,2014,1,13,13,35322,0.8,0.0,3508,0.1186,20936.0,0.4,1.0,0.8,0.4146570045801059,0.59622367465504722,0.038393033841282405,0.48317115608020722
Nantes,44109,Loire-Atlantique,Pays de la Loire,football,FC Nantes,2013,2,3,23,35322,0.53,0.0,3152,0.1139,20725.5,0.9,0.5,0.71900000000000008,0.40064578095764886,0.63035584604212058,0.034478967390109284,0.49267571909917446
Nantes,44109,Loire-Atlantique,Pays de la Loire,football,FC Nantes,2012,2,9,29,35322,0.38,0.0,3153,0.1121,20413.0,0.6,0.5,0.554,0.37984527082929803,0.64342774146695714,0.034489961958792358,0.490896960044594
Nantes,44109,Loire-Atlantique,Pays de la Loire,football,FC Nantes,2022,1,9,9,35322,0.58,0.0,6522,,,0.6,1.0,0.81400000000000006,,,0.071530663852057086,
Nantes,44109,Loire-Atlantique,Pays de la Loire,football,FC Nantes,2023,1,16,16,35322,0.85,0.0,6220,,,0.25,1.0,0.755,,,0.068210304109769776,
Angers,49007,Maine-et-Loire,Pays de la Loire,football,Angers SCO,2021,1,13,13,19350,0.27,0.0,2694,0.1149,21450.0,0.4,1.0,0.641,0.44886968363921731,0.62309368191721126,0.029443454933262968,0.505816441880924
Angers,49007,Maine-et-Loire,Pays de la Loire,football,Angers SCO,2020,1,11,11,19350,0.51,0.0,2108,0.1207,20850.0,0.5,1.0,0.753,0.40893270419278377,0.58097312999273787,0.023000637684983619,0.46555996551597423
Angers,49007,Maine-et-Loire,Pays de la Loire,football,Angers SCO,2019,1,13,13,19350,0.58,0.0,2006,0.1289,20420.0,0.4,1.0,0.734,0.3803112022561731,0.52142338416848233,0.02187919167931042,0.42377576882636558
Angers,49007,Maine-et-Loire,Pays de la Loire,football,Angers SCO,2018,1,14,14,19350,0.57,0.0,1720,0.1288,20100.0,0.35,1.0,0.711,0.35901147988474186,0.52214960058097315,0.018734745035952238,0.41404676476235946
Angers,49007,Maine-et-Loire,Pays de la Loire,football,Angers SCO,2017,1,12,12,19350,0.62,0.0,1361,0.1348,19630.0,0.45,1.0,0.766,0.3277275126517023,0.47857661583151778,0.014787694878729907,0.37777316041580472
Angers,49007,Maine-et-Loire,Pays de la Loire,football,Angers SCO,2016,1,9,9,19350,0.7,0.0,1233,0.1374,19354.0,0.6,1.0,0.85,0.30935650210634286,0.45969498910675377,0.013380390087296875,0.36028029043956245
Angers,49007,Maine-et-Loire,Pays de la Loire,football,Angers SCO,2015,2,3,23,19350,0.45,0.0,1208,0.1393,19194.0,0.9,0.5,0.69500000000000006,0.29870664092062726,0.44589687726942617,0.013105525870220111,0.348983857938074
Angers,49007,Maine-et-Loire,Pays de la Loire,football,Angers SCO,2014,2,9,29,19350,0.43,0.0,1192,0.1367,18946.67,0.6,0.5,0.569,0.28224395237648314,0.4647785039941903,0.012929612771290983,0.35175163933333392
Angers,49007,Maine-et-Loire,Pays de la Loire,football,Angers SCO,2013,2,5,25,19350,0.43,0.0,1162,0.1305,18748.0,0.8,0.5,0.649,0.269020152865445,0.50980392156862742,0.012599775710798865,0.36880990978589112
Angers,49007,Maine-et-Loire,Pays de la Loire,football,Angers SCO,2012,2,11,31,19350,0.36,0.0,1136,0.1233,18371.67,0.5,0.5,0.508,0.24397101374031765,0.56209150326797386,0.012313916925039031,0.38479111559263351
Angers,49007,Maine-et-Loire,Pays de la Loire,football,Angers SCO,2022,1,14,14,19350,0.42,0.0,2659,,,0.35,1.0,0.666,,,0.029058645029355498,
Angers,49007,Maine-et-Loire,Pays de la Loire,football,Angers SCO,2023,1,20,20,19350,0.5,0.0,2413,,,0.05,1.0,0.57000000000000006,,,0.026353981133320138,
Laval,53130,Mayenne,Pays de la Loire,football,Stade Lavallois,2017,2,20,40,11107,0.44,0.0,478,0.1067,19860.0,0.05,0.5,0.35200000000000004,0.3430366881061685,0.68264342774146691,0.0050794907315786005,0.48107613447899017
Laval,53130,Mayenne,Pays de la Loire,football,Stade Lavallois,2016,2,13,33,11107,0.49,0.0,368,0.1054,19559.52,0.4,0.5,0.50700000000000012,0.32303624879939458,0.692084241103849,0.0038700881764408383,0.47719166415990277
Laval,53130,Mayenne,Pays de la Loire,football,Stade Lavallois,2015,2,8,28,11107,0.5,0.0,342,0.1072,19389.05,0.65,0.5,0.6100000000000001,0.31168948732233864,0.67901234567901225,0.0035842293906810036,0.46597408246378208
Laval,53130,Mayenne,Pays de la Loire,football,Stade Lavallois,2014,2,17,37,11107,0.5,0.0,437,0.1034,19191.08,0.2,0.5,0.43000000000000005,0.29851228095398807,0.70660856935366734,0.0046287134155727069,0.47502355376621525
Laval,53130,Mayenne,Pays de la Loire,football,Stade Lavallois,2013,2,17,37,11107,0.43,0.0,341,0.0976,19082.67,0.2,0.5,0.40900000000000003,0.29129633438434138,0.74872912127814084,0.003573234821997933,0.49266971180380592
Laval,53130,Mayenne,Pays de la Loire,football,Stade Lavallois,2012,2,16,36,11107,0.52,0.0,361,0.0952,18518.8,0.25,0.5,0.456,0.25376422671690735,0.766158315177923,0.0037931261956593442,0.48648141137355411
Laval,53130,Mayenne,Pays de la Loire,football,Stade Lavallois,2023,2,15,35,11107,0.64,0.0,788,,,0.3,0.5,0.512,,,0.0084878070233304747,
Le Mans,72181,Sarthe,Pays de la Loire,football,Le Mans FC,2020,2,19,39,25064,0.32,0.0,1608,0.1289,20800.0,0.1,0.5,0.336,0.40560462257224766,0.52142338416848233,0.017503353343448335,0.43170521778486437
Le Mans,72181,Sarthe,Pays de la Loire,football,Le Mans FC,2013,2,18,38,25064,0.31,0.0,901,0.1284,19112.53,0.15,0.5,0.353,0.29328386472812562,0.52505446623093688,0.0097301932845174476,0.3847058756489774
Le Mans,72181,Sarthe,Pays de la Loire,football,Le Mans FC,2012,2,17,37,25064,0.33,0.0,846,0.1237,18671.11,0.2,0.5,0.379,0.26390222894938459,0.55918663761801013,0.0091254920069485674,0.38971695639223319
Niort,79191,Deux-Sèvres,Poitou-Charentes,football,Chamois Niort,2021,2,18,38,10406,0.2,0.0,694,0.0939,23120.0,0.15,0.5,0.32,0.560027609765124,0.775599128540305,0.0074543175671218419,0.615537766959763
Niort,79191,Deux-Sèvres,Poitou-Charentes,football,Chamois Niort,2020,2,18,38,10406,0.28,0.0,527,0.1001,22620.0,0.15,0.5,0.34400000000000003,0.52674679355976273,0.73057371096586787,0.0056182245970490576,0.57879468520536359
Niort,79191,Deux-Sèvres,Poitou-Charentes,football,Chamois Niort,2019,2,12,32,10406,0.33,0.0,555,0.1109,22080.0,0.45,0.5,0.47900000000000004,0.49080351205797251,0.65214233841684821,0.0059260725201750334,0.52535561029170064
Niort,79191,Deux-Sèvres,Poitou-Charentes,football,Chamois Niort,2018,2,15,35,10406,0.33,0.0,514,0.1109,21670.0,0.3,0.5,0.41900000000000004,0.46351324276957628,0.65214233841684821,0.0054752952041691406,0.51421411391833927
Niort,79191,Deux-Sèvres,Poitou-Charentes,football,Chamois Niort,2017,2,10,30,10406,0.36,0.0,431,0.1222,20970.0,0.55,0.5,0.528,0.41692010008207048,0.570079883805374,0.0045627460034742837,0.45408935493725233
Niort,79191,Deux-Sèvres,Poitou-Charentes,football,Chamois Niort,2016,2,16,36,10406,0.37,0.0,421,0.1238,20806.5,0.25,0.5,0.41100000000000003,0.40603727318291738,0.55846042120551931,0.0044528003166435784,0.44387152003424835
Niort,79191,Deux-Sèvres,Poitou-Charentes,football,Chamois Niort,2015,2,11,31,10406,0.45,0.0,431,0.1238,20499.0,0.5,0.5,0.535,0.38556957121662017,0.55846042120551931,0.0045627460034742837,0.43573941209114486
Niort,79191,Deux-Sèvres,Poitou-Charentes,football,Chamois Niort,2014,2,5,25,10406,0.49,0.0,411,0.1223,20299.33,0.8,0.5,0.667,0.37227921007317133,0.569353667392883,0.0043428546298128722,0.43575994504061649
Niort,79191,Deux-Sèvres,Poitou-Charentes,football,Chamois Niort,2013,2,15,35,10406,0.48,0.0,459,0.1216,20036.67,0.3,0.5,0.464,0.35479613170417068,0.57443718228031948,0.0048705939266002595,0.43157234078512818
Niort,79191,Deux-Sèvres,Poitou-Charentes,football,Chamois Niort,2022,2,13,33,10406,0.19,0.0,716,,,0.4,0.5,0.41700000000000004,,,0.0076961980781493945,
Niort,79191,Deux-Sèvres,Poitou-Charentes,football,Chamois Niort,2023,2,20,40,10406,0.25,0.0,698,,,0.05,0.5,0.29500000000000004,,,0.007498295841854124,
Sedan,08409,Ardennes,Champagne-Ardenne,football,CS Sedan,2013,2,19,39,23189,0.23,0.0,147,0.1956,15132.0,0.1,0.5,0.30900000000000005,0.02833329006827227,0.037037037037036979,0.0014402884974822438,0.030571978794568518
Sedan,08409,Ardennes,Champagne-Ardenne,football,CS Sedan,2012,2,4,24,23189,0.34,0.0,104,0.1866,14869.52,0.85,0.5,0.64200000000000013,0.010862192793105846,0.10239651416122009,0.00096752204411020958,0.056026895219907488
Troyes,10387,Aube,Champagne-Ardenne,football,Troyes,2021,2,1,21,20460,0.21,0.0,1090,0.149,18260.0,1.0,0.5,0.663,0.23653807624901241,0.37545388525780687,0.011808166765617785,0.2882462565113173
Troyes,10387,Aube,Champagne-Ardenne,football,Troyes,2020,2,4,24,20460,0.31,0.0,865,0.1559,17950.0,0.85,0.5,0.633,0.21590397020168842,0.325344952795933,0.0093343888119269084,0.25370125888460532
Troyes,10387,Aube,Champagne-Ardenne,football,Troyes,2019,2,3,23,20460,0.33,0.0,743,0.1633,17790.0,0.9,0.5,0.659,0.2052541090159728,0.27160493827160492,0.0079930514325923,0.22190063845848773
Troyes,10387,Aube,Champagne-Ardenne,football,Troyes,2018,1,19,19,20460,0.6,0.0,634,0.1633,17450.0,0.1,1.0,0.62,0.18262315399632714,0.27160493827160492,0.0067946434461376081,0.21224905245740214
Troyes,10387,Aube,Champagne-Ardenne,football,Troyes,2017,2,3,23,20460,0.33,0.0,429,0.1673,17100.0,0.9,0.5,0.659,0.15932658265257424,0.24255628177196797,0.0045407568661081426,0.18727915238006779
Troyes,10387,Aube,Champagne-Ardenne,football,Troyes,2016,1,20,20,20460,0.61,0.0,409,0.1708,16888.67,0.05,1.0,0.603,0.14526011287521612,0.21713870733478569,0.0043208654924467311,0.16883383156370266
Troyes,10387,Aube,Champagne-Ardenne,football,Troyes,2015,2,1,21,20460,0.47,0.0,421,0.1686,16821.0,1.0,0.5,0.7410000000000001,0.14075588720998264,0.23311546840958597,0.0044528003166435784,0.17508648924710782
Troyes,10387,Aube,Champagne-Ardenne,football,Troyes,2014,2,10,30,20460,0.49,0.0,435,0.1587,16791.43,0.55,0.5,0.567,0.13878765973959761,0.30501089324618724,0.0046067242782065658,0.21032387265803595
Troyes,10387,Aube,Champagne-Ardenne,football,Troyes,2013,1,19,19,20460,0.68,0.0,465,0.1497,16667.0,0.1,1.0,0.644,0.13050539581873138,0.37037037037037035,0.0049365613386986827,0.23985562418202708
Troyes,10387,Aube,Champagne-Ardenne,football,Troyes,2012,2,3,23,20460,0.53,0.0,462,0.1409,16440.0,0.9,0.5,0.71900000000000008,0.11539590526149736,0.43427741466957148,0.0049035776326494711,0.26574885825570943
Troyes,10387,Aube,Champagne-Ardenne,football,Troyes,2022,1,15,15,20460,0.47,0.0,938,,,0.3,1.0,0.661,,,0.01013699232579106,
Troyes,10387,Aube,Champagne-Ardenne,football,Troyes,2023,1,19,19,20460,0.49,0.0,913,,,0.1,1.0,0.587,,,0.0098621281087142958,
Reims,51454,Marne,Champagne-Ardenne,football,Stade de Reims,2021,1,14,14,20519,0.2,0.0,3655,0.118,20210.0,0.35,1.0,0.6,0.36633325944992134,0.6005809731299927,0.040009235437693781,0.46682840806381176
Reims,51454,Marne,Champagne-Ardenne,football,Stade de Reims,2020,1,5,5,20519,0.63,0.0,2622,0.1226,19790.0,0.8,1.0,0.90900000000000014,0.33837737383741789,0.56717501815541027,0.028651845988081886,0.43326438160671327
Reims,51454,Marne,Champagne-Ardenne,football,Stade de Reims,2019,1,8,8,20519,0.7,0.0,2371,0.1277,19280.0,0.65,1.0,0.87,0.3044309413079494,0.53013798111837318,0.025892209248631178,0.399787471706682
Reims,51454,Marne,Champagne-Ardenne,football,Stade de Reims,2018,2,1,21,20519,0.48,0.0,1997,0.1277,19060.0,1.0,0.5,0.744,0.28978738217759042,0.53013798111837318,0.021780240561162786,0.39187406371080419
Reims,51454,Marne,Champagne-Ardenne,football,Stade de Reims,2017,2,7,27,20519,0.51,0.0,1715,0.1317,18530.0,0.7,0.5,0.633,0.25450971699990749,0.50108932461873623,0.018679772192536886,0.36168843520559957
Reims,51454,Marne,Champagne-Ardenne,football,Stade de Reims,2016,1,18,18,20519,0.66,0.0,1387,0.1329,18380.0,0.15,1.0,0.658,0.24452547213829909,0.49237472766884538,0.015073553664489743,0.35153432952198715
Reims,51454,Marne,Champagne-Ardenne,football,Stade de Reims,2015,1,15,15,20519,0.69,0.0,1235,0.1322,18230.67,0.3,1.0,0.727,0.23458582357040578,0.49745824255628168,0.013402379224663016,0.34926464031863469
Reims,51454,Marne,Champagne-Ardenne,football,Stade de Reims,2014,1,11,11,20519,0.76,0.0,1308,0.1282,18094.0,0.5,1.0,0.82800000000000007,0.22548884526883245,0.52650689905591852,0.014204982738527168,0.36055147900475587
Reims,51454,Marne,Champagne-Ardenne,football,Stade de Reims,2013,1,14,14,20519,0.76,0.0,1303,0.1237,18012.8,0.35,1.0,0.768,0.22008404071708174,0.55918663761801013,0.014150009895111814,0.37470194004339369
Reims,51454,Marne,Champagne-Ardenne,football,Stade de Reims,2012,2,2,22,20519,0.63,0.0,1355,0.1182,17693.33,0.95,0.5,0.76899999999999991,0.19881959601082835,0.59912854030501084,0.014721727466631484,0.38645297229015252
Reims,51454,Marne,Champagne-Ardenne,football,Stade de Reims,2022,1,12,12,20519,0.57,0.0,3329,,,0.45,1.0,0.751,,,0.036425006047012778,
Reims,51454,Marne,Champagne-Ardenne,football,Stade de Reims,2023,1,11,11,20519,0.66,0.0,3081,,,0.5,1.0,0.798,,,0.033698353013611279,
Dunkerque,59183,Nord,Nord-Pas-de-Calais,football,USL Dunkerque,2021,2,16,36,4933,0.26,0.0,1193,0.1389,20240.0,0.25,0.5,0.378,0.36833010842224306,0.44880174291939,0.012940607339974052,0.3782032184985793
Dunkerque,59183,Nord,Nord-Pas-de-Calais,football,USL Dunkerque,2022,2,19,39,4933,0.46,0.0,1027,,,0.1,0.5,0.378,,,0.01111550893858434,
Lille,59350,Nord,Nord-Pas-de-Calais,football,LOSC Lille,2021,1,1,1,50186,0.08,0.0,6567,0.1134,20520.0,1.0,1.0,0.82400000000000007,0.38696736549724536,0.63398692810457513,0.072025419442795266,0.50779311997258336
Lille,59350,Nord,Nord-Pas-de-Calais,football,LOSC Lille,2020,1,4,4,50186,0.73,0.0,5447,0.1204,20000.0,0.85,1.0,0.95900000000000007,0.35235531664366965,0.58315177923021055,0.059711502517756226,0.46237376753145126
Lille,59350,Nord,Nord-Pas-de-Calais,football,LOSC Lille,2019,1,2,2,50186,0.68,0.0,5220,0.1266,19580.0,0.95,1.0,0.9840000000000001,0.32439943103116614,0.53812636165577343,0.057215735426699207,0.42743082095370283
Lille,59350,Nord,Nord-Pas-de-Calais,football,LOSC Lille,2018,1,17,17,50186,0.66,0.0,4356,0.1263,19320.0,0.2,1.0,0.678,0.30709340660437828,0.54030501089324612,0.047716428084526245,0.41684808213063751
Lille,59350,Nord,Nord-Pas-de-Calais,football,LOSC Lille,2017,1,11,11,50186,0.59,0.0,3682,0.1287,18680.0,0.5,1.0,0.777,0.26449396186151586,0.522875816993464,0.040306088792136686,0.38738853763740666
Lille,59350,Nord,Nord-Pas-de-Calais,football,LOSC Lille,2016,1,5,5,50186,0.6,0.0,3133,0.131,18424.0,0.8,1.0,0.9,0.24745418396437088,0.50617283950617276,0.034270070585130943,0.3692031286314002
Lille,59350,Nord,Nord-Pas-de-Calais,football,LOSC Lille,2015,1,8,8,50186,0.73,0.0,2742,0.1297,18102.39,0.65,1.0,0.879,0.22604729736475837,0.51561365286855465,0.029971194230050357,0.36321134249520587
Lille,59350,Nord,Nord-Pas-de-Calais,football,LOSC Lille,2014,1,3,3,50186,0.77,0.0,2619,0.1264,18000.0,0.9,1.0,0.991,0.21923205182222452,0.53957879448075508,0.028618862282032677,0.37179164911028373
Lille,59350,Nord,Nord-Pas-de-Calais,football,LOSC Lille,2013,1,6,6,50186,0.81,0.0,2521,0.1231,17842.0,0.75,1.0,0.94300000000000006,0.20871531390133038,0.56354393609295572,0.027541394551091759,0.37902879088255587
Lille,59350,Nord,Nord-Pas-de-Calais,football,LOSC Lille,2012,1,3,3,50186,0.34,0.13,2503,0.1214,17534.0,0.9,1.0,0.87500000000000011,0.18821433111882782,0.57588961510530146,0.027343492314796491,0.37690228615758009
Lille,59350,Nord,Nord-Pas-de-Calais,football,LOSC Lille,2022,1,10,10,50186,0.69,0.13,6147,,,0.55,1.0,0.84000000000000008,,,0.067407700595905617,
Lille,59350,Nord,Nord-Pas-de-Calais,football,LOSC Lille,2023,1,5,5,50186,0.72,0.0,5803,,,0.8,1.0,0.936,,,0.063625568968929347,
Valenciennes,59606,Nord,Nord-Pas-de-Calais,football,Valenciennes FC,2021,2,11,31,25000,0.17,0.0,718,0.136,20250.0,0.5,0.5,0.451,0.36899572474635028,0.4698620188816266,0.0077181872155155356,0.38638839294711119
Valenciennes,59606,Nord,Nord-Pas-de-Calais,football,Valenciennes FC,2020,2,7,27,25000,0.32,0.0,659,0.1368,19730.0,0.7,0.5,0.57600000000000007,0.33438367589277451,0.46405228758169925,0.0070695076632143724,0.36931436797956663
Valenciennes,59606,Nord,Nord-Pas-de-Calais,football,Valenciennes FC,2019,2,13,33,25000,0.34,0.0,510,0.1407,19270.0,0.4,0.5,0.462,0.30376532498384218,0.43572984749455335,0.0054313169294368585,0.342086712205532
Valenciennes,59606,Nord,Nord-Pas-de-Calais,football,Valenciennes FC,2018,2,13,33,25000,0.33,0.0,387,0.1409,18970.0,0.4,0.5,0.459,0.28379683526062538,0.43427741466957148,0.0040789849814191793,0.33269693392974553
Valenciennes,59606,Nord,Nord-Pas-de-Calais,football,Valenciennes FC,2017,2,14,34,25000,0.32,0.0,419,0.1485,18390.0,0.35,0.5,0.436,0.24519108846240634,0.37908496732026142,0.0044308111792774373,0.28983432463473197
Valenciennes,59606,Nord,Nord-Pas-de-Calais,football,Valenciennes FC,2016,2,12,32,25000,0.35,0.0,346,0.1449,17978.0,0.45,0.5,0.48500000000000004,0.21776769590918862,0.40522875816993464,0.0036282076654132857,0.29153556128134939
Valenciennes,59606,Nord,Nord-Pas-de-Calais,football,Valenciennes FC,2015,2,16,36,25000,0.33,0.0,350,0.1462,17896.0,0.25,0.5,0.399,0.2123096420515094,0.39578794480755264,0.0036721859401455683,0.2846539221944529
Valenciennes,59606,Nord,Nord-Pas-de-Calais,football,Valenciennes FC,2014,1,19,19,25000,0.57,0.0,352,0.1408,17762.0,0.1,1.0,0.611,0.20339038330847256,0.4350036310820623,0.0036941750775117094,0.300705056403176
Valenciennes,59606,Nord,Nord-Pas-de-Calais,football,Valenciennes FC,2013,1,11,11,25000,0.62,0.0,338,0.1402,17590.67,0.5,1.0,0.786,0.19198637882754335,0.439360929557008,0.0035402511159487214,0.29824514186749568
Valenciennes,59606,Nord,Nord-Pas-de-Calais,football,Valenciennes FC,2012,1,12,12,25000,0.62,0.0,366,0.1358,17244.62,0.45,1.0,0.766,0.16895272593181287,0.47131445170660846,0.0038480990390746973,0.30516236574556671
Valenciennes,59606,Nord,Nord-Pas-de-Calais,football,Valenciennes FC,2022,2,16,36,25000,0.29,0.0,653,,,0.25,0.5,0.387,,,0.0070035402511159492,
Valenciennes,59606,Nord,Nord-Pas-de-Calais,football,Valenciennes FC,2023,2,16,36,25000,0.32,0.0,664,,,0.25,0.5,0.396,,,0.007124480506629725,
Boulogne-sur-Mer,62160,Pas-de-Calais,Nord-Pas-de-Calais,football,US Boulogne,2012,2,19,39,15004,0.55,0.0,275,0.1685,14927.69,0.1,0.5,0.405,0.014734082950437582,0.23384168482207679,0.0028475932889152756,0.12423827223567106
Lens,62498,Pas-de-Calais,Nord-Pas-de-Calais,football,RC Lens,2021,1,7,7,38223,0.13,0.0,473,0.1668,17250.0,0.7,1.0,0.719,0.16931082751418261,0.24618736383442252,0.005024517888163247,0.19333027186696594
Lens,62498,Pas-de-Calais,Nord-Pas-de-Calais,football,RC Lens,2020,2,2,22,38223,0.7,0.0,325,0.1758,16830.0,0.95,0.5,0.79,0.14135494190167916,0.18082788671023953,0.0033973217230688041,0.14865458097732581
Lens,62498,Pas-de-Calais,Nord-Pas-de-Calais,football,RC Lens,2019,2,5,25,38223,0.69,0.0,326,0.1878,16310.0,0.8,0.5,0.72700000000000009,0.10674289304810343,0.0936819172113289,0.0034083162917518746,0.091242273970781759
Lens,62498,Pas-de-Calais,Nord-Pas-de-Calais,football,RC Lens,2018,2,14,34,38223,0.62,0.0,282,0.1889,15990.0,0.35,0.5,0.526,0.085443170676672217,0.08569353667392865,0.00292455526969677,0.078486314242481592
Lens,62498,Pas-de-Calais,Nord-Pas-de-Calais,football,RC Lens,2017,2,4,24,38223,0.76,0.0,219,0.1949,15470.0,0.85,0.5,0.768,0.050831121823096494,0.042120551924473504,0.0022318974426633244,0.042508673412807015
Lens,62498,Pas-de-Calais,Nord-Pas-de-Calais,football,RC Lens,2016,2,6,26,38223,0.69,0.0,189,0.1932,15295.65,0.75,0.5,0.70700000000000007,0.039226101212286993,0.054466230936819016,0.0019020603821712073,0.043874586144409915
Lens,62498,Pas-de-Calais,Nord-Pas-de-Calais,football,RC Lens,2015,1,20,20,38223,0.45,0.0,217,0.1921,15140.0,0.05,1.0,0.555,0.02886578312755805,0.062454611474219268,0.0022099083052971834,0.043878573140781446
Lens,62498,Pas-de-Calais,Nord-Pas-de-Calais,football,RC Lens,2013,2,12,32,38223,0.42,0.0,245,0.1797,15108.0,0.45,0.5,0.506,0.026735810890414932,0.15250544662309362,0.0025177562284231588,0.088205925781924363
Lens,62498,Pas-de-Calais,Nord-Pas-de-Calais,football,RC Lens,2014,2,2,22,38223,0.81,0.0,216,0.1833,15039.67,0.95,0.5,0.823,0.022187654547790262,0.12636165577342051,0.0021989137366141128,0.0731553465741334
Lens,62498,Pas-de-Calais,Nord-Pas-de-Calais,football,RC Lens,2012,2,12,32,38223,0.57,0.0,228,0.1757,14706.33,0.45,0.5,0.55099999999999993,0.0,0.18155410312273057,0.0023308485608109593,0.09194247584177076
Lens,62498,Pas-de-Calais,Nord-Pas-de-Calais,football,RC Lens,2022,1,7,7,38223,0.85,0.0,438,,,0.7,1.0,0.93499999999999994,,,0.0046397079842557774,
Lens,62498,Pas-de-Calais,Nord-Pas-de-Calais,football,RC Lens,2023,1,2,2,38223,0.99,0.0,434,,,0.95,1.0,1.077,,,0.0045957297095234953,
Nîmes,30189,Gard,Languedoc-Roussillon,football,Nîmes Olympique,2021,1,19,19,8033,0.38,0.0,2653,0.1284,18760.0,0.1,1.0,0.554,0.26981889245437368,0.52505446623093688,0.028992677617257077,0.38495112890584648
Nîmes,30189,Gard,Languedoc-Roussillon,football,Nîmes Olympique,2020,1,18,18,18364,0.35,0.0,2223,0.1328,18450.0,0.15,1.0,0.565,0.24918478640704969,0.4931009440813362,0.024265013083536732,0.35835689314525632
Nîmes,30189,Gard,Languedoc-Roussillon,football,Nîmes Olympique,2019,1,9,9,18364,0.39,0.0,2176,0.137,18020.0,0.6,1.0,0.757,0.220563284470439,0.46259985475671739,0.023748268355432416,0.33139937534425051
Nîmes,30189,Gard,Languedoc-Roussillon,football,Nîmes Olympique,2018,2,2,22,18364,0.47,0.0,1900,0.137,17770.0,0.95,0.5,0.72100000000000009,0.20392287636775835,0.46259985475671739,0.020713767398904941,0.32322596162491452
Nîmes,30189,Gard,Languedoc-Roussillon,football,Nîmes Olympique,2017,2,6,26,8033,0.82,0.0,1517,0.1408,17390.0,0.75,0.5,0.746,0.17862945605168379,0.4350036310820623,0.016502847593288916,0.29720502175834912
Nîmes,30189,Gard,Languedoc-Roussillon,football,Nîmes Olympique,2016,2,14,34,8033,0.86,0.0,1551,0.1423,17140.0,0.35,0.5,0.59800000000000009,0.16198904794900315,0.42411038489469854,0.016876662928513315,0.28528914309120718
Nîmes,30189,Gard,Languedoc-Roussillon,football,Nîmes Olympique,2015,2,13,33,8033,0.63,0.0,1486,0.1435,16881.0,0.4,0.5,0.549,0.144749585154626,0.41539578794480758,0.016162015964113728,0.27367873601631104
Nîmes,30189,Gard,Languedoc-Roussillon,football,Nîmes Olympique,2014,2,15,35,8033,0.71,0.0,1617,0.1459,16626.0,0.3,0.5,0.53299999999999992,0.12777636888989174,0.39796659404502532,0.017602304461595972,0.25889499680926736
Nîmes,30189,Gard,Languedoc-Roussillon,football,Nîmes Olympique,2013,2,8,28,8033,0.7,0.0,1512,0.1459,16547.33,0.65,0.5,0.66999999999999993,0.12253996526814033,0.39796659404502532,0.016447874749873564,0.25622322050470558
Nîmes,30189,Gard,Languedoc-Roussillon,football,Nîmes Olympique,2022,2,9,29,8033,0.23,0.0,2662,,,0.6,0.5,0.509,,,0.029091628735404711,
Nîmes,30189,Gard,Languedoc-Roussillon,football,Nîmes Olympique,2023,2,19,39,8033,0.35,0.0,2838,,,0.1,0.5,0.34500000000000003,,,0.031026672823625128,
Béziers,34032,Hérault,Languedoc-Roussillon,football,AS Béziers,2019,2,19,39,12000,0.23,0.0,1196,0.1463,16350.0,0.1,0.5,0.30900000000000005,0.10940535834453233,0.3950617283950616,0.012973591046023265,0.24777980305835534
Montpellier,34172,Hérault,Languedoc-Roussillon,football,Montpellier,2021,1,8,8,22000,0.17,0.0,8161,0.1251,19670.0,0.65,1.0,0.71100000000000008,0.33038997794813119,0.5490196078431373,0.089550761923609737,0.451441176062626
Montpellier,34172,Hérault,Languedoc-Roussillon,football,Montpellier,2020,1,8,8,22000,0.64,0.0,6928,0.1304,19210.0,0.65,1.0,0.85200000000000009,0.2997716270391988,0.51053013798111846,0.075994458737383738,0.41317094917493064
Montpellier,34172,Hérault,Languedoc-Roussillon,football,Montpellier,2019,1,6,6,22000,0.63,0.0,6667,0.1354,18870.0,0.75,1.0,0.889,0.27714067201955317,0.4742193173565723,0.073124876311102316,0.3845283656416586
Montpellier,34172,Hérault,Languedoc-Roussillon,football,Montpellier,2018,1,10,10,22000,0.59,0.0,5411,0.1354,18480.0,0.55,1.0,0.797,0.25118163537937138,0.4742193173565723,0.059315698045165691,0.36724016185261754
Montpellier,34172,Hérault,Languedoc-Roussillon,football,Montpellier,2017,1,15,15,22000,0.56,0.0,4948,0.1389,18110.0,0.3,1.0,0.68800000000000006,0.226553831387404,0.44880174291939,0.054225212744904015,0.34213501038710864
Montpellier,34172,Hérault,Languedoc-Roussillon,football,Montpellier,2016,1,12,12,22000,0.58,0.0,4233,0.1399,17814.0,0.45,1.0,0.754,0.20685158819383015,0.44153957879448069,0.046364096136508562,0.32669247274302671
Montpellier,34172,Hérault,Languedoc-Roussillon,football,Montpellier,2015,1,7,7,22000,0.58,0.0,3874,0.1399,17640.0,0.7,1.0,0.854,0.19526986415436443,0.44153957879448069,0.042417045979286236,0.32008625804862922
Montpellier,34172,Hérault,Languedoc-Roussillon,football,Montpellier,2014,1,15,15,22000,0.67,0.0,3856,0.1367,17315.65,0.3,1.0,0.72100000000000009,0.17368059868194666,0.4647785039941903,0.042219143742990961,0.32297106334136932
Montpellier,34172,Hérault,Languedoc-Roussillon,football,Montpellier,2013,1,9,9,22000,0.77,0.0,3813,0.1358,17247.92,0.6,1.0,0.871,0.16917237931876822,0.47131445170660846,0.041746377289618927,0.324199366225621
Montpellier,34172,Hérault,Languedoc-Roussillon,football,Montpellier,2012,1,1,1,22000,0.8,0.0,3724,0.1322,17121.6,1.0,1.0,1.04,0.16076431391264576,0.49745824255628168,0.040767860676825647,0.333418777181612
Montpellier,34172,Hérault,Languedoc-Roussillon,football,Montpellier,2022,1,13,13,22000,0.49,0.0,7737,,,0.4,1.0,0.70700000000000007,,,0.084889064801987824,
Montpellier,34172,Hérault,Languedoc-Roussillon,football,Montpellier,2023,1,12,12,22000,0.63,0.0,7665,,,0.45,1.0,0.769,,,0.084097455856806738,
Nice,06088,Alpes-Maritimes,Provence-Alpes-Côte d'Azur,football,OGC Nice,2021,1,9,9,36178,0.03,0.0,9729,0.0978,21570.0,0.6,1.0,0.649,0.456857079528504,0.747276688453159,0.10679024561866438,0.60977629884731332
Nice,06088,Alpes-Maritimes,Provence-Alpes-Côte d'Azur,football,OGC Nice,2020,1,6,6,36178,0.53,0.0,8120,0.1029,20870.0,0.75,1.0,0.8590000000000001,0.41026393684099827,0.710239651416122,0.089099984607603849,0.56377539274826227
Nice,06088,Alpes-Maritimes,Provence-Alpes-Côte d'Azur,football,OGC Nice,2019,1,7,7,36178,0.53,0.0,7627,0.1066,20530.0,0.7,1.0,0.839,0.38763298182135258,0.68336964415395784,0.083679662246850056,0.538577845928945
Nice,06088,Alpes-Maritimes,Provence-Alpes-Côte d'Azur,football,OGC Nice,2018,1,8,8,36178,0.63,0.25,6744,0.1066,20320.0,0.65,1.0,0.874,0.37365503901510083,0.68336964415395784,0.073971458099698753,0.52813256673286868
Nice,06088,Alpes-Maritimes,Provence-Alpes-Côte d'Azur,football,OGC Nice,2017,1,3,3,36178,0.63,0.13,5890,0.1115,19830.0,0.9,1.0,0.96200000000000008,0.34103983913384678,0.64778503994190273,0.064582096444356488,0.49259950384666834
Nice,06088,Alpes-Maritimes,Provence-Alpes-Côte d'Azur,football,OGC Nice,2016,1,4,4,36178,0.53,0.0,5578,0.1133,19533.0,0.85,1.0,0.899,0.32127103430786219,0.63471314451706606,0.061151791015238474,0.47644088148929714
Nice,06088,Alpes-Maritimes,Provence-Alpes-Côte d'Azur,football,OGC Nice,2015,1,11,11,36178,0.53,0.0,5229,0.1139,19343.6,0.5,1.0,0.759,0.30866426112927126,0.63035584604212058,0.057314686544846845,0.46730097074519222
Nice,06088,Alpes-Maritimes,Provence-Alpes-Côte d'Azur,football,OGC Nice,2014,1,17,17,36178,0.67,0.0,5317,0.1111,19010.0,0.2,1.0,0.681,0.28645930055705432,0.65068990559186635,0.058282208588957052,0.46906977731323346
Nice,06088,Alpes-Maritimes,Provence-Alpes-Côte d'Azur,football,OGC Nice,2013,1,4,4,36178,0.28,0.0,5402,0.1081,18833.89,0.85,1.0,0.82400000000000007,0.27473713147320195,0.672476397966594,0.059216746927018053,0.4757414250360868
Nice,06088,Alpes-Maritimes,Provence-Alpes-Côte d'Azur,football,OGC Nice,2012,1,13,13,36178,0.25,0.0,5537,0.1044,18683.0,0.4,1.0,0.635,0.264693646758748,0.69934640522875813,0.06070101369923258,0.48590116816749451
Nice,06088,Alpes-Maritimes,Provence-Alpes-Côte d'Azur,football,OGC Nice,2022,1,5,5,36178,0.53,0.0,10188,,,0.8,1.0,0.87900000000000011,,,0.11183675264419377,
Nice,06088,Alpes-Maritimes,Provence-Alpes-Côte d'Azur,football,OGC Nice,2023,1,9,9,36178,0.62,0.0,9708,,,0.6,1.0,0.82600000000000007,,,0.1065593596763199,
Arles,13004,Bouches-du-Rhône,Provence-Alpes-Côte d'Azur,football,AC Arles-Avignon,2015,2,20,40,17518,0.08,0.0,473,0.1026,17916.67,0.05,0.5,0.24400000000000002,0.2136854709934389,0.71241830065359479,0.005024517888163247,0.44419559766825462
Arles,13004,Bouches-du-Rhône,Provence-Alpes-Côte d'Azur,football,AC Arles-Avignon,2013,2,11,31,17518,0.13,0.0,534,0.1116,17646.67,0.5,0.5,0.43900000000000006,0.19571383024254382,0.64705882352941169,0.0056951865778305513,0.40466253715063866
Arles,13004,Bouches-du-Rhône,Provence-Alpes-Côte d'Azur,football,AC Arles-Avignon,2014,2,13,33,17518,0.12,0.0,532,0.1084,17585.56,0.4,0.5,0.396,0.19164624888592477,0.67029774872912129,0.00567319744046441,0.41464397263916281
Arles,13004,Bouches-du-Rhône,Provence-Alpes-Côte d'Azur,football,AC Arles-Avignon,2012,2,13,33,17518,0.16,0.0,565,0.1151,17054.0,0.4,0.5,0.40800000000000003,0.15626474756168102,0.62164124909222951,0.00603601820700574,0.37634453267429
Istres,13047,Bouches-du-Rhône,Provence-Alpes-Côte d'Azur,football,FC Istres,2014,2,19,39,17170,0.13,0.0,280,0.0995,20298.89,0.1,0.5,0.279,0.37224992295491044,0.73493100944081324,0.0029025661323306287,0.51781675696853613
Istres,13047,Bouches-du-Rhône,Provence-Alpes-Côte d'Azur,football,FC Istres,2013,2,13,33,17170,0.14,0.0,348,0.1001,19978.8,0.4,0.5,0.402,0.35094421003656223,0.73057371096586787,0.0036501968027794268,0.50748963789894852
Istres,13047,Bouches-du-Rhône,Provence-Alpes-Côte d'Azur,football,FC Istres,2012,2,10,30,17170,0.14,0.0,346,0.0949,19626.96,0.55,0.5,0.462,0.32752516528917364,0.76833696441539578,0.0036282076654132857,0.51699265215607393
Marseille,13055,Bouches-du-Rhône,Provence-Alpes-Côte d'Azur,football,Marseille,2021,1,5,5,67394,0.01,0.38,21891,0.0989,20600.0,0.8,1.0,0.76100000000000012,0.39229229609010313,0.73928830791575884,0.24050618994216857,0.646814167365005
Marseille,13055,Bouches-du-Rhône,Provence-Alpes-Côte d'Azur,football,Marseille,2020,1,2,2,67394,0.78,0.0,16143,0.1067,19940.0,0.95,1.0,1.014,0.34836161869902627,0.68264342774146691,0.17730940915187898,0.56932106592628351
Marseille,13055,Bouches-du-Rhône,Provence-Alpes-Côte d'Azur,football,Marseille,2019,1,5,5,67394,0.79,0.0,15525,0.1131,19370.0,0.8,1.0,0.95700000000000007,0.31042148822491444,0.63616557734204782,0.17051476570574137,0.52750876681386039
Marseille,13055,Bouches-du-Rhône,Provence-Alpes-Côte d'Azur,football,Marseille,2018,1,4,4,67394,0.69,0.88,13429,0.1129,19010.0,0.85,1.0,1.0350000000000001,0.28645930055705432,0.63761801016702968,0.14747014974602546,0.50712780017934933
Marseille,13055,Bouches-du-Rhône,Provence-Alpes-Côte d'Azur,football,Marseille,2017,1,5,5,67394,0.59,0.0,10932,0.1181,18550.0,0.8,1.0,0.897,0.25584094964812193,0.59985475671750188,0.12001671174439826,0.46227211409019886
Marseille,13055,Bouches-du-Rhône,Provence-Alpes-Côte d'Azur,football,Marseille,2016,1,13,13,67394,0.65,0.25,9305,0.1225,18248.0,0.4,1.0,0.78000000000000014,0.23573933666008373,0.5679012345679012,0.10212854849704246,0.42931062619650534
Marseille,13055,Bouches-du-Rhône,Provence-Alpes-Côte d'Azur,football,Marseille,2015,1,4,4,67394,0.78,0.0,8971,0.1241,18130.67,0.85,1.0,0.97400000000000009,0.22792966032933354,0.5562817719680464,0.0984563625568969,0.41854093139420506
Marseille,13055,Bouches-du-Rhône,Provence-Alpes-Côte d'Azur,football,Marseille,2014,1,6,6,67394,0.56,0.13,8925,0.1245,17930.0,0.75,1.0,0.88100000000000012,0.21457273755347395,0.55337690631808278,0.097950612397475642,0.41149285437916877
Marseille,13055,Bouches-du-Rhône,Provence-Alpes-Côte d'Azur,football,Marseille,2013,1,2,2,67394,0.5,0.13,9140,0.1246,17828.0,0.95,1.0,0.94300000000000006,0.20778345104758025,0.55265068990559185,0.10031444466433581,0.40959594770399593
Marseille,13055,Bouches-du-Rhône,Provence-Alpes-Côte d'Azur,football,Marseille,2012,1,10,10,67394,0.6,0.88,9157,0.1237,17548.0,0.55,1.0,0.888,0.18914619397257795,0.55918663761801013,0.10050135233194801,0.40550247256401029
Marseille,13055,Bouches-du-Rhône,Provence-Alpes-Côte d'Azur,football,Marseille,2022,1,2,2,67394,0.81,0.25,22888,,,0.95,1.0,1.048,,,0.25146777491918992,
Marseille,13055,Bouches-du-Rhône,Provence-Alpes-Côte d'Azur,football,Marseille,2023,1,3,3,67394,0.93,0.13,19191,,,0.9,1.0,1.052,,,0.21082085449787805,