Club,Année,Droits audiovisuels,Sponsors - Publicité,Recettes matches,Autres produits,Rémunération personnel,Autres charges
A.C. Ajaccio,2012,16394,1417,836.0,2161.0,12517,4808
A.J. Auxerre,2012,18087,3562,1857.0,2146.0,29893,10332
F.C. Bordeaux,2012,37059,10667,5983.0,11406.0,55224,22514
Stade Brestois,2012,17053,7513,3792.0,1745.0,20776,8904
Stade Malherbe Caen,2012,15340,5883,4919.0,3287.0,24685,9948
Dijon FCO,2012,14256,4652,2498.0,2393.0,15287,6564
Evian TG FC,2012,20432,7908,3736.0,3044.0,22253,9712
LOSC Lille,2012,58233,10511,6400.0,4981.0,87525,25243
FC Lorient,2012,19606,4964,2671.0,2437.0,21620,8843
Olympique Lyonnais,2012,154558,0,,,99782,15514
Olympique Marseille,2012,70578,29871,18045.0,18778.0,98478,33982
Montpellier HSC,2012,36310,7013,4228.0,7277.0,36450,12049
AS Nancy Lorraine,2012,20109,4825,2663.0,2777.0,24177,9279
OGC Nice,2012,19564,3691,1862.0,3052.0,23952,7481
PSG,2012,47013,24597,25352.0,125425.0,117342,55604
Stade Rennais FC,2012,34159,10179,6918.0,3172.0,42984,13882
AS Saint-Étienne,2012,30074,6849,4902.0,2567.0,34886,11991
Sochaux-Montbéliard,2012,19009,7630,3500.0,2789.0,25575,13267
Toulouse FC,2012,27427,6269,2484.0,4441.0,28996,10888
Valenciennes FC,2012,20211,7020,4003.0,2109.0,25034,11060
Amiens SC,2012,4582,1944,1465.0,1596.0,6818,3097
Angers SCO,2012,4614,1860,805.0,1684.0,6923,3070
AC Arles-Avignon,2012,6807,798,321.0,726.0,6792,2877
SC Bastia,2012,4702,1323,2057.0,890.0,7958,3631
US Boulogne,2012,5632,2392,1245.0,1357.0,8253,4336
Clermont Foot,2012,4711,1950,521.0,1101.0,6154,2231
En Avant Guingamp,2012,4711,3278,1116.0,1073.0,7587,4487
FC Istres,2012,4379,393,372.0,1038.0,4787,1826
Stade Lavallois,2012,4796,2012,1010.0,984.0,5873,2586
Havre AC,2012,5403,2807,764.0,2043.0,9285,5651
Le Mans FC,2012,6509,3904,894.0,893.0,9729,8798
RC Lens,2012,7552,2485,2794.0,1875.0,21889,13055
FC Metz,2012,5032,5872,771.0,2605.0,8472,6644
AS Monaco,2012,7562,2587,476.0,7210.0,31484,10579
FC Nantes,2012,5087,2793,1848.0,2400.0,13727,9601
Stade de Reims,2012,4981,582,2351.0,1951.0,8427,3751
C.S. SEDAN ARDENNES,2012,5500,1692,1335.0,899.0,8303,4152
Tours Football Club,2012,4951,2108,947.0,1547.0,7772,4231
ESTAC Troyes,2012,5173,2000,955.0,1436.0,10260,4348
SC Bastia,2013,17185,2622,3273,1659,18599,7003
FC Girondins de Bordeaux,2013,41923,10293,7314,11677,56408,22569
Stade Brestois 29,2013,14062,7361,3304,1486,18146,7860
Evian Thonon Gaillard FC,2013,17455,8739,4432,2918,20421,12486
LOSC Lille Métropole,2013,57582,20058,15270,4432,61968,41373
FC Lorient,2013,23458,4860,2737,2704,23988,8793
Olympique Lyonnais,2013,77370,33400,25200,14800,60200,30200
Olympique de Marseille,2013,54783,23614,11614,14895,76943,31089
Montpellier Hérault SC,2013,55210,7253,5646,7208,44898,23640
AS Nancy Lorraine,2013,15526,5042,2523,3705,20108,9385
OGC Nice,2013,26411,4725,2384,3782,26783,8318
Paris Saint-Germain,2013,90866,35225,39919,233545,219587,96251
Stade de Reims,2013,15956,5148,5254,2632,16229,6009
Stade Rennais FC,2013,34159,9666,4692,2392,36761,10000
AS Saint-Étienne,2013,32838,7450,6283,4232,39640,13778
FC Sochaux-Montbéliard,2013,17246,7464,3181,7854,23366,12402
Toulouse FC,2013,24561,5656,2498,3508,25936,17065
ES Troyes AC,2013,14196,3731,2349,1489,13525,6859
Valenciennes FC,2013,19857,6117,3138,1683,23255,10194
GFC Ajaccio,2013,3054,598,282,868,3454,1660
Angers SCO,2013,4552,1807,1067,1375,6827,3072
AC Arles-Avignon,2013,5427,645,302,943,6703,2507
AJ Auxerre,2013,7319,1821,481,1987,15006,6982
Stade Malherbe Caen,2013,7445,4261,2241,3269,14158,7352
La Berrichonne de Châteauroux,2013,4560,1369,642,2254,5924,3417
Clermont Foot 63,2013,4255,1665,303,1018,6746,2462
Dijon FCO,2013,6566,3056,526,2301,9654,4128
En Avant de Guingamp,2013,5350,3329,1281,1597,9286,4925
FC Istres Ouest Provence,2013,4220,656,271,1333,4959,2245
Stade Lavallois MFC,2013,4572,2012,854,698,5783,2602
Havre AC,2013,5162,3191,795,5066,10370,10543
Racing Club de Lens,2013,6446,2816,2556,2372,15388,11296
AS Monaco FC,2013,6932,3943,650,3542,44757,13778
FC Nantes,2013,5940,2810,3474,4073,13410,10256
Nîmes Olympique,2013,4642,1349,1086,936,5801,2575
Chamois Niortais FC,2013,3097,1204,658,1751,4118,2657
Tours FC,2013,5000,2500,1200,1500,8000,4000
AC Ajaccio,2014,13547.0,1686.0,1166.0,2971.0,14405.0,21927.0
SC Bastia,2014,18931.0,3155.0,3707.0,2082.0,20581.0,31095.0
Girondins de Bordeaux,2014,39380.0,9789.0,5994.0,11411.0,55961.0,81813.0
Evian TG FC,2014,17272.0,8245.0,3322.0,2322.0,17901.0,36463.0
EA Guingamp,2014,17471.0,5144.0,4027.0,1493.0,18609.0,27862.0
LOSC Lille,2014,37020.0,16810.0,11215.0,4376.0,62190.0,114713.0
FC Lorient,2014,22999.0,5233.0,2838.0,7237.0,25898.0,46765.0
Olympique de Marseille,2014,77838.0,23958.0,14033.0,16165.0,85112.0,144467.0
AS Monaco,2014,30240.0,140004.0,1.0,6139.0,94581.0,292840.0
Montpellier Hérault SC,2014,22762.0,6143.0,3055.0,6131.0,33434.0,50048.0
FC Nantes,2014,17921.0,7334.0,9774.0,1990.0,18706.0,35052.0
OGC Nice,2014,16836.0,9245.0,5808.0,5565.0,25394.0,45191.0
Paris Saint-Germain,2014,85880.0,78963.0,39080.0,270300.0,239773.0,495597.0
Stade de Reims,2014,17727.0,5791.0,5619.0,2619.0,19004.0,27935.0
Stade Rennais FC,2014,26367.0,8789.0,5266.0,2138.0,41172.0,55481.0
AS Saint-Étienne,2014,33082.0,7550.0,6783.0,6038.0,40603.0,71200.0
FC Sochaux-Montbéliard,2014,14939.0,7141.0,4063.0,3001.0,21226.0,46397.0
Toulouse FC,2014,22678.0,5847.0,2355.0,3905.0,29735.0,46262.0
Valenciennes FC,2014,15719.0,5124.0,2530.0,1445.0,20275.0,32840.0
Angers SCO,2014,5505.0,2194.0,1176.0,2095.0,7521.0,11049.0
AC Arles Avignon,2014,4116.0,655.0,260.0,1018.0,5202.0,7575.0
AJ Auxerre,2014,6413.0,1785.0,550.0,1432.0,11244.0,18334.0
CA Bastia,2014,4060.0,389.0,282.0,342.0,2903.0,4552.0
Stade Brestois 29,2014,6801.0,4903.0,1154.0,1486.0,9138.0,16532.0
SM Caen,2014,6637.0,4144.0,2167.0,3112.0,11760.0,20064.0
Châteauroux,2014,4626.0,1358.0,580.0,1321.0,6088.0,9258.0
Clermont Foot,2014,4135.0,1575.0,255.0,1073.0,5109.0,7269.0
US Créteil-Lusitanos,2014,4312.0,1216.0,186.0,2254.0,5050.0,6849.0
Dijon FCO,2014,5979.0,2904.0,973.0,2303.0,8723.0,14226.0
FC Istres,2014,4544.0,298.0,271.0,1480.0,4048.0,6654.0
Stade Lavallois,2014,4641.0,1795.0,918.0,752.0,6200.0,9103.0
Havre AC,2014,4956.0,2964.0,724.0,4451.0,8334.0,16954.0
RC Lens,2014,6484.0,3021.0,4846.0,2063.0,22866.0,36885.0
FC Metz,2014,5741.0,2480.0,2844.0,2411.0,9975.0,17800.0
AS Nancy-Lorraine,2014,7060.0,3214.0,1217.0,2989.0,9503.0,19616.0
Nîmes Olympique,2014,4627.0,1339.0,943.0,1012.0,5538.0,8502.0
ESTAC Troyes,2014,7560.0,2760.0,2650.0,3540.0,8205.0,30500.0
Chamois Niortais,2014,5012.0,3201.0,1875.0,2895.0,7021.0,27005.0
Tours FC,2014,6010.0,2350.0,2001.0,2781.0,8500.0,25890.0
Olympique Lyonnais,2014,0.0,0.0,0.0,0.0,0.0,0.0
FC Girondins de Bordeaux,2015,37528,10274,8212,9018,46019,26961
Stade Malherbe Caen,2015,18647,5281,4271,3009,24021,12523
Dijon Football Côte-d’Or,2015,17702,5187,2733,3351,17922,6890
En Avant de Guingamp,2015,23768,5261,3727,2045,25502,10531
LOSC Lille,2015,34565,10077,6974,2514,57853,38153
FC Lorient,2015,17867,4448,2205,2771,24642,10935
Olympique Lyonnais,2015,239950,197261,48749,28865,108173,0
Olympique de Marseille,2015,48727,30613,13823,14315,86670,48484
FC Metz,2015,19282,5174,5172,1517,19585,12195
AS Monaco,2015,108607,18222,8028,7828,97812,29129
Montpellier Hérault SC,2015,23731,6232,1847,7683,33253,15311
AS Nancy Lorraine,2015,16845,4770,3276,2781,18065,10230
FC Nantes,2015,26550,8014,6720,973,25769,14529
OGC Nice,2015,43521,10063,5700,7891,48905,18352
Paris Saint-Germain,2015,120951,153156,41440,183482,271169,138483
Stade Rennais FC,2015,31414,10003,4906,3508,40032,12758
AS Saint-Étienne,2015,50489,10610,7047,7747,46202,21707
Toulouse FC,2015,22687,5342,3644,4510,29601,11565
AC Ajaccio,2015,5213,1099,442,1653,6156,4605
Gazelec FC Ajaccio,2015,6628,762,509,693,5624,2695
Amiens SC,2015,5460,1530,1600,1451,6232,3407
AJ Auxerre,2015,5482,1876,436,1214,9588,5972
Stade Brestois 29,2015,5648,6250,1227,1788,9344,5821
Clermont Foot 63,2015,4903,1595,433,1171,5640,2593
Stade Lavallois Mayenne FC,2015,4813,1883,866,780,6357,3221
Havre AC,2015,5563,2689,773,2534,12290,7235
RC Lens,2015,7261,3423,5019,2753,15681,16998
Nîmes Olympique,2015,5264,539,1283,1066,5504,2803
Chamois Niortais FC,2015,5186,1370,744,1682,5817,3220
US Orléans,2015,4458,1498,292,1058,4295,3075
Red Star FC,2015,4506,973,232,1027,4553,3549
Stade de Reims,2015,9123,3442,2063,2475,13453,8988
FC Sochaux-Montbéliard,2015,5957,3401,2054,2976,11730,8504
RC Strasbourg Alsace,2015,5872,4803,3193,3081,8393,6970
Tours FC,2015,5079,1294,703,987,5851,3619
ESTAC Troyes,2015,8917,2282,962,1555,10063,5690
Valenciennes FC,2015,4918,2960,647,1264,6739,5061
FC Girondins de Bordeaux,2016,33044,12973,9911,11720,50472,31589
Stade Malherbe Caen,2016,20705,5259,4755,4343,27212,12012
Dijon Football Côte-d’Or,2016,5810,3289,1014,1830,8901,4411
En Avant de Guingamp,2016,17313,5118,3696,1915,21680,12025
LOSC Lille,2016,36132,10498,8091,2602,49547,31479
FC Lorient,2016,19375,4385,2568,2236,21510,10981
Olympique Lyonnais,2016,0,0,0,0,0,0
Olympique de Marseille,2016,48929,28854,15841,17137,92571,45824
FC Metz,2016,7784,3336,2676,3065,14480,10358
AS Monaco,2016,45023,15060,3564,13571,82480,27058
Montpellier Hérault SC,2016,23614,6184,2166,8191,31628,15042
AS Nancy Lorraine,2016,5475,3333,1453,2943,9969,7898
FC Nantes,2016,17537,8028,7991,1013,22213,16367
OGC Nice,2016,25044,7935,4362,6500,31677,16006
Paris Saint-Germain,2016,123982,149905,43375,225155,292394,145327
Stade Rennais FC,2016,27119,10815,4795,3908,44004,13058
AS Saint-Étienne,2016,40659,9382,7849,9022,48251,19814
Toulouse FC,2016,18359,5733,2888,2707,25463,11267
AC Ajaccio,2016,5505,916,478,1540,6206,4438
Gazelec FC Ajaccio,2016,10314,1321,1104,687,7648,3946
Amiens SC,2016,5560,1540,1610,1461,6332,3507
AJ Auxerre,2016,4987,1854,446,1040,8065,5590
Stade Brestois 29,2016,4329,4309,664,1519,8284,4729
Clermont Foot 63,2016,4434,1479,605,1094,5404,2366
Stade Lavallois Mayenne FC,2016,4826,1904,913,808,5845,3078
Havre AC,2016,5421,2437,826,2559,10324,6662
RC Lens,2016,7958,2470,3632,3117,15293,15183
Nîmes Olympique,2016,4594,856,964,995,55420,3003
Chamois Niortais FC,2016,4477,1514,580,2154,5624,4039
US Orléans,2016,4558,1508,302,1068,4395,3175
Red Star FC,2016,4458,1260,92,902,5461,1625
Stade de Reims,2016,14861,5733,4281,2715,19184,8276
FC Sochaux-Montbéliard,2016,6101,3501,1825,2509,12770,8868
RC Strasbourg Alsace,2016,5972,4813,3203,3091,8493,7070
Tours FC,2016,4792,1820,726,455,5315,3573
ESTAC Troyes,2016,13682,3061,2218,1926,13809,7123
Valenciennes FC,2016,5501,2693,711,1354,7568,5343
Bourg en Bresse ,2016,3491,620,319,950,3279,2313
US Créteil-Lusitanos,2016,4092,1258,144,2249,5532,1848
Paris FC,2016,4055,4467,188,1564,7185,4287
Paris Saint-Germain,2018,127864,141841,48370,239263,332063,149694
AS Monaco,2018,93809,17746,2709,9326,132810,30059
Olympique Lyonnais,2018,41800,21000,18700,12600,120000,45000
Olympique de Marseille,2018,77489,28750,21913,14815,125121,56295
OGC Nice,2018,50384,13182,6085,9408,61389,24728
Stade Rennais,2018,32640,10743,6153,4424,50259,1110
Montpellier HSC,2018,27668,6903,2251,6452,34908,15604
Dijon FCO,2018,21906,7082,2162,1963,23296,10324
Angers SCO,2018,21597,5120,3025,1846,21199,10558
Amiens SC,2018,20613,3453,3654,1617,15136,9014
RC Strasbourg,2018,20512,6251,3120,1800,21123,10520
SM Caen,2018,21619,6044,4903,4066,26872,12770
Stade de Reims,2018,12123,6500,2900,2200,18700,8800
Nîmes Olympique,2018,13500,4200,2000,1500,15000,6200
Quevilly-Rouen Métropole,2018,4433,1797,331,1024,4350,2270
AC Ajaccio,2018,5658,1340,573,1547,7043,6192
Paris FC,2018,4782,1139,322,1085,4552,2690
Clermont Foot,2018,5370,1542,271,1402,5820,3065
US Orléans,2018,4782,1139,322,1085,4552,2690
FC Lorient,2018,12751,3037,1188,1845,16211,8670
Toulouse FC,2018,21997,5750,3717,6183,30463,13365
FC Metz,2018,17720,5062,4894,1865,22899,22406
Guingamp,2018,23314,5839,3648,2290,25419,13656
Chamois Niortais,2018,5006,1502,540,1573,6398,3063
Gazélec Ajaccio,2018,5665,1067,383,680,5504,4246
Valenciennes FC,2018,5311,2208,798,445,7922,5533
LB Châteauroux,2018,4985,1225,484,1512,6865,2622
RC Lens,2018,5921,3733,3348,2457,17535,16304
FC Nantes,2018,26065,9124,7670,3595,37660,18247
Girondins de Bordeaux,2018,37370,6452,14403,8414,59564,30192
AS Saint-Étienne,2018,40339,9977,5575,7545,46335,21159
Lille OSC,2018,27702,11289,8806,6118,68266,62240
ES Troyes AC,2018,17133,3352,2281,1726,15763,6983
Havre AC,2018,6061,2470,967,3682,12539,9554
FC Sochaux-Montbéliard,2018,5621,2367,1961,1305,11415,8035
AJ Auxerre,2018,5419,2152,478,1125,13509,6860
Bourg-en-Bresse Péronnas,2018,4797,1012,549,1305,4708,2646
Stade Brestois 29,2018,5264,6541,1068,2270,10531,6294
AS Nancy Lorraine,2018,8795,3216,1390,3253,13960,8044
Tours FC,2018,5381,1362,571,853,5963,4062
AC Ajaccio,2017,5046,1050,537,1145,7036,4954
AJ Auxerre,2017,5382,2453,482,1361,14248,7466
AS Béziers,2017,4036,591,91,1850,3629,2780
AS Monaco,2017,31682,6790,2475,10131,39493,17588
AS Saint-Étienne,2017,26023,11286,8072,3286,28629,15971
Amiens SC,2017,21597,3978,4434,2422,17459,11907
Angers SCO,2017,23656,5066,2808,3123,28275,12614
Berrichonne de Châteauroux,2017,5408,1233,432,1521,6521,2785
Chamois Niortais,2017,5220,3000,808,1165,11725,7200
Clermont Foot 63,2017,5382,1518,220,955,5278,2956
Dijon Football Côte-d'Or,2017,26337,6498,3842,2447,27408,13594
En Avant de Guingamp,2017,39919,10547,9973,3796,71979,57680
FC Girondins de Bordeaux,2017,23449,5844,4517,2395,28248,13801
FC Lorient,2017,6894,3001,1017,1500,15244,8284
FC Nantes,2017,34221,10656,3678,5841,46071,23304
Gazélec FC Ajaccio,2017,4475,639,365,692,5008,3137
Grenoble Foot 38,2017,4800,1610,903,1063,4973,3989
Havre AC,2017,6356,2536,737,2721,14838,9826
LOSC,2017,43878,14391,13712,5537,60471,47961
Montpellier Hérault SC,2017,27502,9676,7838,6080,41780,27140
Nîmes Olympique,2017,26395,5349,4950,4749,27529,14665
OGC Nice,2017,24577,1474,4261,1952,20899,5671
Olympique Lyonnais,2017,75649,18221,2716,15061,147128,38383
Olympique de Marseille,2017,59818,37272,19741,12743,127210,59621
Orléans Loiret,2017,5920,2935,1245,1430,13250,7945
Paris FC,2017,6274,3202,1154,1385,13028,7645
Paris Saint-Germain,2017,156632,195022,50464,256559,370921,184818
Pau FC,2017,5024,2748,751,1055,10750,6695
RC Lens,2017,6269,3131,5939,2663,17550,16449
RC Strasbourg Alsace,2017,23091,4826,3336,5396,35531,13895
Rodez Aveyron Football,2017,5124,2856,789,1145,11500,6985
Stade Brestois 29,2017,5931,6806,1407,2695,11825,6842
Stade Malherbe Caen,2017,21212,7665,2460,2791,21879,11172
Stade Rennais FC,2017,42186,18961,6275,6952,53626,23837
Stade de Reims,2017,51157,12727,9613,6146,63639,17521
Toulouse FC,2017,20857,12200,3090,4422,31442,10182
US Dunkerque,2017,5128,2905,782,1095,11085,6870
US Quevilly-Rouen Métropole,2017,6150,3075,987,1280,12500,7510
Valenciennes FC,2017,5250,2999,795,1130,11520,7005
AC Ajaccio,2019,5046,1050,537,1145,7036,4954
AJ Auxerre,2019,5382,2453,482,1361,14248,7466
AS Béziers,2019,4036,591,91,1850,3629,2780
AS Monaco,2019,31682,6790,2475,10131,39493,17588
AS Saint-Étienne,2019,26023,11286,8072,3286,28629,15971
Amiens SC,2019,21597,3978,4434,2422,17459,11907
Angers SCO,2019,23656,5066,2808,3123,28275,12614
Berrichonne de Châteauroux,2019,5408,1233,432,1521,6521,2785
Chamois Niortais,2019,5220,3000,808,1165,11725,7200
Clermont Foot 63,2019,5382,1518,220,955,5278,2956
Dijon Football Côte-d'Or,2019,26337,6498,3842,2447,27408,13594
En Avant de Guingamp,2019,39919,10547,9973,3796,71979,57680
FC Girondins de Bordeaux,2019,23449,5844,4517,2395,28248,13801
FC Lorient,2019,6894,3001,1017,1500,15244,8284
FC Nantes,2019,34221,10656,3678,5841,46071,23304
Gazélec FC Ajaccio,2019,4475,639,365,692,5008,3137
Grenoble Foot 38,2019,4800,1610,903,1063,4973,3989
Havre AC,2019,6356,2536,737,2721,14838,9826
LOSC,2019,43878,14391,13712,5537,60471,47961
Montpellier Hérault SC,2019,27502,9676,7838,6080,41780,27140
Nîmes Olympique,2019,26395,5349,4950,4749,27529,14665
OGC Nice,2019,24577,1474,4261,1952,20899,5671
Olympique Lyonnais,2019,75649,18221,2716,15061,147128,38383
Olympique de Marseille,2019,59818,37272,19741,12743,127210,59621
Orléans Loiret,2019,5920,2935,1245,1430,13250,7945
Paris FC,2019,6274,3202,1154,1385,13028,7645
Paris Saint-Germain,2019,156632,195022,50464,256559,370921,184818
Pau FC,2019,5024,2748,751,1055,10750,6695
RC Lens,2019,6269,3131,5939,2663,17550,16449
RC Strasbourg Alsace,2019,23091,4826,3336,5396,35531,13895
Rodez Aveyron Football,2019,5124,2856,789,1145,11500,6985
Stade Brestois 29,2019,5931,6806,1407,2695,11825,6842
Stade Malherbe Caen,2019,21212,7665,2460,2791,21879,11172
Stade Rennais FC,2019,42186,18961,6275,6952,53626,23837
Stade de Reims,2019,51157,12727,9613,6146,63639,17521
Toulouse FC,2019,20857,12200,3090,4422,31442,10182
US Dunkerque,2019,5128,2905,782,1095,11085,6870
US Quevilly-Rouen Métropole,2019,6150,3075,987,1280,12500,7510
Valenciennes FC,2019,5250,2999,795,1130,11520,7005
Amiens SC,2020,15661,3573,4184,2262,19645,11859
Angers SCO,2020,18087,4875,2475,1975,30943,10980
FC Girondins de Bordeaux,2020,21084,7471,7487,17993,72531,32716
Stade Brestois 29,2020,14685,7240,3989,2614,18668,8016
Dijon Football Côte-d'Or,2020,15970,7541,1832,2220,19268,11501
LOSC,2020,62381,11826,13590,7668,89762,46437
Olympique Lyonnais,2020,180693,0,0,0,132464,0
Olympique de Marseille,2020,54375,35721,14997,13789,118260,62317
FC Metz,2020,14798,5789,4512,2611,25510,16003
AS Monaco,2020,25027,11476,2227,23602,121095,31496
Montpellier Hérault SC,2020,20713,5730,2361,7032,40031,16352
FC Nantes,2020,18297,8559,7634,2227,36016,18527
OGC Nice,2020,25738,8898,3072,5224,45199,21897
Nîmes Olympique,2020,12674,1491,3999,2736,19962,5944
Paris Saint-Germain,2020,131421,286537,38059,103829,414383,153951
Stade de Reims,2020,21808,4851,3485,4031,28859,14815
Stade Rennais FC,2020,39304,10451,7153,4295,63790,17239
AS Saint-Étienne,2020,36903,9441,5347,17581,58051,27416
RC Strasbourg Alsace,2020,19362,9679,6528,2257,30688,15542
Toulouse FC,2020,24205,4306,1456,6157,31313,10605
AC Ajaccio,2020,5593,670,434,1672,5984,4783
AJ Auxerre,2020,4641,1566,337,1169,13921,7127
Stade Malherbe Caen,2020,9135,2632,1402,2178,15188,7776
FC Chambly Oise,2020,4101,726,248,1073,4515,1585
Berrichonne de Châteauroux,2020,5152,988,302,925,5219,2676
Clermont Foot 63,2020,4845,1350,294,1076,6312,4759
Grenoble Foot 38,2020,4248,1523,596,1313,4490,3564
En Avant de Guingamp,2020,8966,3042,1126,1549,11425,11661
Havre AC,2020,5091,1836,782,3274,14830,10280
Le Mans FC,2020,4309,2446,1284,2754,5580,4291
RC Lens,2020,5863,3129,3860,1888,19700,14817
FC Lorient,2020,5654,2477,1157,1165,17000,8973
AS Nancy Lorraine,2020,4835,2065,1172,2483,8867,6056
Chamois Niortais FC,2020,4388,1339,458,1811,5454,3135
US Orléans,2020,4285,1707,477,1879,5657,3719
Paris FC,2020,4480,3046,203,2153,10112,4608
Rodez Aveyron Football,2020,4753,439,408,1281,3027,2639
FC Sochaux-Montbéliard,2020,4679,1893,1003,859,8058,5838
ESTAC Troyes,2020,6021,2578,721,1739,9479,5716
Valenciennes FC,2020,4632,1731,706,1839,7149,4379
Angers SCO,2021,21300,2688,0,4106,40192,9675
FC Girondins de Bordeaux,2021,23829,2886,147,14016,65692,24365
Stade Brestois 29,2021,16782,4404,388,5822,25432,8249
Dijon FCO,2021,20175,4708,37,4854,22994,8569
RC Lens,2021,22031,3233,437,7704,34720,17139
LOSC,2021,54384,7416,212,22062,88936,37400
FC Lorient,2021,15362,2858,464,10489,32173,8310
Olympique Lyonnais,2021,65914,8223,957,3955,74807,15942
Olympique de Marseille,2021,91005,28972,236,25447,122088,55460
FC Metz,2021,20336,3368,439,12429,30937,16715
Olympique Lyonnais,2021,65914,8223,957,3955,74807,15942
Olympique de Marseille,2021,91005,28972,236,25447,122088,55460
FC Metz,2021,20336,3368,439,12429,30937,16715
AS Monaco,2021,38675,12138,63,12562,119180,26839
Montpellier Hérault SC,2021,25987,4979,181,13487,41707,12693
FC Nantes,2021,20537,6130,336,12329,45570,17482
OGC Nice,2021,39838,18128,15,9695,65872,20194
Nîmes Olympique,2021,18666,1343,377,4072,20512,6199
Paris Saint-Germain,2021,201781,290174,961,76779,503179,123837
Stade de Reims,2021,20339,2631,307,17067,34801,11366
AC Ajaccio,2021,4436,980,151,2278,4870,4939
Amiens SC,2021,7758,829,622,5678,11750,9532
AJ Auxerre,2021,4994,1470,120,1607,15307,6712
Stade Malherbe Caen,2021,5628,1312,215,7938,17525,6731
FC Chambly Oise,2021,3785,1287,61,1490,5811,1711
Berrichonne de Châteauroux,2021,4132,543,119,1337,5337,2439
Clermont Foot 63,2021,5154,1375,56,1030,7665,5872
USL Dunkerque,2021,3808,549,74,3242,4660,2032
Grenoble Foot 38,2021,4421,1179,204,2294,4426,3401
En Avant de Guingamp,2021,6094,1846,148,3031,14397,9504
Havre AC,2021,5021,1329,140,4191,13595,8299
AS Nancy Lorraine,2021,4701,1366,260,3198,8846,4971
Chamois Niortais FC,2021,4277,942,219,2305,4638,3099
Paris FC,2021,5175,6122,51,1020,13176,5345
Pau FC,2021,3718,1357,147,2161,3847,2151
Rodez Aveyron Football,2021,4006,510,291,2251,3822,2057
FC Sochaux-Montbéliard,2021,4989,1548,182,1007,8645,6026
Toulouse FC,2021,12791,2270,100,10884,25908,10080
ESTAC Troyes,2021,5558,1823,216,2401,13879,5406
Valenciennes FC,2021,4561,1369,238,1059,6013,4638
Angers SCO,2022,19303,4902,2227,8770,27436,14132
FC Girondins de Bordeaux,2022,20566,6402,7640,14926,56495,53677
Stade Brestois 29,2022,17364,11049,4152,11797,29510,12656
Clermont Foot Auvergne,2022,15604,4168,2382,3478,17550,11048
RC Lens,2022,20819,9366,9314,7973,38039,19523
LOSC,2022,90122,19986,16893,20632,84181,64695
FC Lorient,2022,16065,5316,3392,8811,30066,10256
Olympique Lyonnais,2022,65914,8223,957,3955,74807,15942
Olympique de Marseille,2022,57021,55350,28793,96385,135491,80192
FC Metz,2022,16778,7913,5910,5002,34475,20482
AC Ajaccio,2022,4779,1417,475,2530,7569,5211
Amiens SC,2022,5706,1900,1991,2470,11379,9348
AJ Auxerre,2022,4740,2414,1285,4620,14896,8150
SM Caen,2022,4689,3611,1887,5332,9280,8853
Chamois Niortais,2022,3866,821,332,1564,5671,3362
Clermont Foot,2022,3810,4168,498,3478,17550,11048
Dijon FCO,2022,8851,6087,677,5350,13500,9990
Grenoble Foot,2022,3798,1853,498,2170,6044,4443
Le Havre AC,2022,4745,3201,791,2861,12941,9697
Nancy,2022,4077,2625,776,4831,8770,6854
Paris FC,2022,4764,6736,502,1224,12240,6668
Pau FC,2022,3917,1347,475,1391,4553,2178
Quevilly Rouen,2022,3410,1683,413,1848,5446,2104
Rodez Aveyron,2022,3863,590,570,2646,4944,2491
Toulouse FC,2022,6653,4152,2339,14001,22651,12260
Montpellier Hérault SC,2022,20639,7212,2952,7762,40692,15192
OGC Nice,2022,29091,26899,5996,16448,70864,32391
Paris Saint-Germain,2022,201781,290174,961,76779,503179,123837
RC Strasbourg,2022,24360,13085,7868,12159,37050,19690
AS Saint-Étienne,2022,32325,10955,5644,17417,38765,21947
Stade de Reims,2022,19033,5684,4407,7292,27521,16858
Toulouse FC,2022,6653,1823,216,2401,13879,5406
Valenciennes FC,2022,4632,1731,706,1839,7149,4379
Dunkerque,2022,3281,1633,246,1630,5093,2788
Nîmes Olympique,2022,18666,1343,377,4072,20512,6199
Bastia,2022,3861,2351,1338,2645,5579,4535
Sochaux-Montbéliard,2022,4830,2238,1972,1262,7450,4608
Châteauroux,2022,2440,750,580,437,2320,2505
Chambly Oise,2022,1890,400,290,90,1400,140
Quevilly-Rouen,2022,3410,1683,413,1848,5446,2104
Ajaccio,2022,4779,1417,475,2530,7569,5211
AC Ajaccio,2023,14020,5950,2329,9723,16174,12769
Angers SCO,2023,16293,5443,3054,21956,36360,14629
AJ Auxerre,2023,13612,7999,3484,12854,30265,13108
Stade Brestois 29,2023,15574,10453,4334,21098,33144,15706
Clermont Foot 63,2023,18382,4646,2971,19967,25396,15848
RC Lens,2023,26273,18492,13576,26718,65117,31712
LOSC Lille,2023,34288,21552,11669,39498,73334,44084
FC Lorient,2023,32954,5707,4022,3394,38792,13730
Olympique Lyonnais,2023,95201,62505,39142,61512,147448,75928
Olympique de Marseille,2023,165666,372817,67572,201285,621183,181985
AS Monaco,2023,49232,16371,2626,42663,112946,41145
Montpellier Hérault SC,2023,35567,7523,3237,6195,51663,16932
FC Nantes,2023,30906,11045,16859,21828,50070,27738
OGC Nice,2023,31142,36450,6703,23493,104511,41668
Paris Saint-Germain,2023,46433,6158,4950,285014,43957,20178
Stade de Reims,2023,1856,618,4850,28214,46397,21788
Stade Rennais FC,2023,46532,18097,11917,32508,116234,24343
RC Strasbourg Alsace,2023,17902,15224,8315,20622,45083,21361
Toulouse FC,2023,17794,7387,8801,12760,32530,19785
ES Troyes AC,2023,13847,5548,2871,18842,37821,13307
Amiens SC,2023,4430,2001,1978,3578,10592,9829
Annecy FC,2023,4197,3769,1366,1674,5844,5390
SC Bastia,2023,4233,2967,1514,3943,6472,6198
Girondins de Bordeaux,2023,12949,3950,5133,10813,42471,24443
SM Caen,2023,4874,4163,2715,3062,14714,7167
Dijon FCO,2023,7362,5825,789,3391,14837,10909
Grenoble Foot 38,2023,4211,2556,1038,2759,7802,5079
En Avant Guingamp,2023,5664,4132,1516,1491,10241,7584
Stade Lavallois Mayenne,2023,3431,2284,1056,1468,5592,3103
Le Havre AC,2023,5731,5336,2135,5997,15716,13024
FC Metz,2023,8958,5958,3653,13373,21804,22452
Nîmes Olympique,2023,4619,811,831,2259,7260,3884
Chamois Niortais,2023,4035,770,408,2144,5546,3217
Paris FC,2023,4786,6680,409,3257,16177,8254
Pau FC,2023,3780,2420,667,2695,5829,3484
Quevilly Rouen Métropole,2023,4747,1724,525,1440,6230,2510
Rodez AF,2023,4433,701,899,3446,6082,3441
AS Saint-Étienne,2023,5754,6877,2955,4844,27416,18563
FC Sochaux-Montbéliard,2023,5310,2515,2481,2273,19654,9988
